,Prompt,Output
0,There Were 2 Mass Shootings In Texas Last Week  But Only 1 On TV,There Were 2 Mass Shootings In Texas Last Week  But Only 1 On The Teevee
1,Will Smith Joins Diplo And Nicky Jam For The 2018 World Cup's Official Song,Will Smith Joins Diplo And Nicky Jam For The 2018 World Cup's Official Bop
2,Hugh Grant Marries For The First Time At Age 57,Hugh Grant Ties The Knot For The First Time At Age 57
3,Jim Carrey Blasts 'Castrato' Adam Schiff And Democrats In New Artwork,Jim Carrey Blasts 'Castrato' Adam Schiff And Democrats In New Artwork
4,Julianna Margulies Uses Donald Trump Poop Bags To Pick Up After Her Dog,Julianna Margulies Uses Donald Trump Poop Bags To Pick Up After Her Dog
5,Morgan Freeman 'Devastated' That Sexual Harassment Claims Could Undermine Legacy, Morgan Freeman 'Devastated' That Sexual Harassment Claims Could Wreck His Legacy
6,Donald Trump Is Lovin' New McDonald's Jingle In 'Tonight Show' Bit,Donald Trump Is Lovin' New McDonald's Jingle In 'Tonight Show' Bit
7,What To Watch On Amazon Prime That 2019s New This Week,What To Watch On Amazon Prime That's New This Week
8,Mike Myers Reveals He'd 'Like To' Do A Fourth Austin Powers Film,Mike Myers Reveals He'd 'Like To' Do A Fourth Austin Powers Film
9,What To Watch On Hulu That 2019s New This Week,What To Watch On Hulu That's New This Week
10,Justin Timberlake Visits Texas School Shooting Victims,Justin Timberlake Visits Texas School Shooting Victims in the Hospital
11,South Korean President Meets North Korea's Kim Jong Un To Talk Trump Summit,South Korean President Meets North Korea's Kim Jong Un To Talk Trump Summit
12,With Its Way Of Life At Risk  This Remote Oyster-Growing Region Called In Robots, With Its Way Of Life At Risk This Remote Oyster-Growing Region Called In Robots
13,Trump's Crackdown On Immigrant Parents Puts More Kids In An Already Strained System,Trump's Crackdown On Immigrant Parents Puts More Kids In An Already Fucked System
14,'Trump's Son Should Be Concerned': FBI Obtained Wiretaps Of Putin Ally Who Met With Trump Jr., 'Trump's Son Should Be Scared': FBI Obtained Wiretaps Of Putin Ally Who Met With Trump Jr.
15,Edward Snowden: There's No One Trump Loves More Than Vladimir Putin,Edward Snowden: There's No One Trump Loves More Than Vlad the Impaler
16,Booyah: Obama Photographer Hilariously Trolls Trump's 'Spy' Claim,Booyah: Obama Photographer Hilariously Owns Trump's 'Spy' Claim
17,Ireland Votes To Repeal Abortion Amendment In Landslide Referendum,Ireland Votes To Repeal Abortion Amendment In Landslide Referendum
18,Ryan Zinke Looks To Reel Back Some Critics With 'Grand Pivot' To Conservation, Output:  Ryan Zinke Looks To Reel Back Some Critics With 'Grand Pivot' To Conservation
19,Weird Father's Day Gifts Your Dad Doesn't Know He Wants (But He Does), Weird Father's Day Gifts Your Dad Doesn't Know He Wants (But He Totes Does)
20,Twitter #PutStarWarsInOtherFilms And It Was Universally Entertaining,Twitter #PutStarWarsInOtherFilms And It Was Hilarious
21,Mystery 'Wolf-Like' Animal Reportedly Shot In Montana  Baffles Wildlife Officials,Mystery 'Wolf-Like' Animal Reportedly Shot In Montana  Baffles Wildlife Officials
22,North Korea Still Open To Talks After Trump Cancels Summit,North Korea Still Open To Talks After Trump Yeets from Summit
23,2 Men Detonate Bomb Inside Indian Restaurant Near Toronto  Authorities Say,2 Men Detonate Bomb Inside Indian Restaurant Near Toronto  Authorities Say
24,Thousands Travel Home To Ireland To Vote On Abortion Access,Thousands Travel Home To Ireland To Vote On Abortion Access
25,Irish Voters Set To Liberalize Abortion Laws In Landslide  Exit Poll Signals,Irish Voters Set To Liberalize Abortion Laws In Landslide  Exit Poll Signals
26,Warriors Coach Steve Kerr Calls NFL Ban On Protests 'Fake Patriotism', Warriors Coach Steve Kerr Calls NFL Ban On Protests 'Bogus Patriotism'
27,In Historic Victory  Barbados Elects First Female Prime Minister," In Historic Victory, Barbados Elects First Female Prime Minister"
28,Police Killed At Least 378 Black Americans From The Moment Colin Kaepernick Protested,Police Murdered At Least 378 Black Americans From The Moment Colin Kaepernick Protested
29,Jack Johnson Was Pardoned  But Taboo Sex Is Still Being Criminalized, Jack Johnson Was Pardoned But Taboo Sex Is Still Being Criminalized
30,BET Chairman and CEO Debra Lee Is Stepping Down, BET Chairman and CEO Debra Lee Is Stepping Down
31,Rachel Dolezal Faces Felony Charges For Welfare Fraud,Rachel Dolezal Faces Felony Charges For Welfare Scamming
32,Bishop Michael Curry Joins Christian March To White House To 'Reclaim Jesus', Bishop Michael Curry Joins Christian March To White House To 'Reclaim Jesus'
33,Kanye West Spent $85 000 On Photo Of Whitney Houston's Bathroom For Album Cover,Kanye West Spent $85 000 On A Picture Of Whitney Houston's Gross Bathroom For Album Cover
34,Morgan Freeman Dropped From Marketing Campaigns After Harassment Accusations, Morgan Freeman Gets the Boot From Marketing Campaigns After Harassment Accusations
35,How The Chinese Exclusion Act Can Help Us Understand Immigration Politics Today,How The Chinese Exclusion Act Can Help Us Understand Immigration Politics Today
36,Trump's New 'MAGA'-Themed Swimwear Sinks On Twitter,Trump's New 'MAGA'-Themed Swimwear Drowns On Twitter
37,Seth Meyers Has 1 Funny Regret After Trump Cancels North Korea Summit, Seth Meyers Has 1 Funny Regret After Trump Cancels North Korea Summit
38,Colbert Wants To Turn NYC Subway Rides Into A New And Terrible Punishment, Output:  Colbert Wants To Turn NYC Subway Rides Into A New And Terrible Form Of Torture
39,Man Faces Charges After Pulling Knife  Stun Gun On Muslim Students At McDonald's,Man Facing Charges After Going H.A.M. On Muslim Students At McDonald's
40,Jimmy Kimmel Knows Why Iran's Supreme Leader Watches 'Tom And Jerry',Jimmy Kimmel Knows Why Iran's Supreme Leader Watches 'Tom And Jerry'  
41,2 People Injured In Indiana School Shooting,2 People Injured In Indiana School Shooting.
42,People Are Rattled By How Much This Nigerian Man Looks Like Chadwick Boseman, Output:  People Are Rattled By How Much This Nigerian Man Looks Like Chadwick Boseman
43,David Cross Proves Yet Again That He 2019s Terrible At Apologizing,David Cross Proves Yet Again That He 2019s A Big ol' Douchebag
44,'Sesame Street' Creators Sue Makers Of Upcoming Adult-Themed Puppet Film,Sesame Street' Creators Sue Makers Of Upcoming Adult-Themed Puppet Film
45,What You Missed About The Saddest Death In 'Avengers: Infinity War',What You Missed About The Saddest Death In 'Avengers: Infinity War'  
46,George Takei Accuser Walks Back Story Of Drugging And Sexual Assault, George Takei Accuser Walks Back Story Of Drugging And Sexual Assault
47,Samantha Bee's Parents Think America Is Basically A War Zone, Samantha Bee's Parents Think America Is Basically a War Zone
48,Pete Davidson Says His Mental Illness Doesn't Ruin Romance,Pete Davidson Says His Mental Illness Ain't No Thang
49,James Corden And Adam Levine Get Pulled Over During 'Carpool Karaoke', James Corden And Adam Levine Get Busted During 'Carpool Karaoke'
50,Emilia Clarke Dishes On Her Final 'Game Of Thrones' Scene,Emilia Clarke Dishes On Her Final 'Game Of Thrones' Scene
51,Hollywood Doesn't Need 'Difficult' Men To Make Great TV,Hollywood Doesn't Need 'Difficult' Men To Make Great TV
52,Harvey Weinstein Accusers Say They Never Thought He Would Be Arrested,Harvey Weinstein Accusers Say They Never Thought He Would Be Brought to Justice
53,Harvey Weinstein Turns Himself In To Police For Alleged Sex Crimes, Output:  Harvey Weinstein Turns Himself In To Police For Alleged Sex Crimes
54,John Mayer's Weird New Low-Budget Video Is A Meme-Worthy Masterpiece, John Mayer's Weird New Low-Budget Video Is A Meme-Worthy Masterpiece
55,Now Boba Fett Is Getting His Own 'Star Wars' Movie,Now Boba Fett Is Getting His Own 'Star Wars' Flick
56,Trump Suggests North Korea Summit Could Still Happen, Trump Suggests North Korea Summit Could Still Happen
57,Roger Stone Pressed For Damaging Emails About Hillary Clinton From WikiLeaks: Report, Roger Stone Pressed For Damaging Emails About Hillary Clinton From WikiLeaks: Dump
58,Publix Suspends Contributions To NRA-Backed Politician Amid Protests, Publix Suspends Contributions To NRA-Backed Politician Amid Protests
59,Twitter Bots May Have Delivered Donald Trump's Victory  Research Paper Says, Twitter Bots May Have Delivered Donald Trump's Victory  Research Paper Says
60,A Bag Of Wet Socks Is Apparently Living In The White House Press Briefing Room, A Bag Of Wet Socks Is Apparently Living In The White House Press Briefing Room
61,A Member Of The Far-Right Proud Boys Menaced A Twitter User On His Doorstep,A Member Of The Far-Right Proud Boys Menaced A Twitter User IRL
62,All The Things The NRA Has Blamed For The Texas School Shooting,All The Things The NRA Has Blamed For The Texas School Shooting:  -The sun -The moon -The stars -The sky -The wind -The rain -The clouds -The birds -The bees -The trees -The grass -The flowers -The dirt -The rocks -The ants -The worms
63,Here's What Happens When A Catholic Hospital Won't Try To Save You,Here's What Happens When A Catholic Hospital Won't Try To Save You  
64,Trump's New Executive Orders Make It Easier To Fire Federal Workers, Trump's New Executive Orders Make It Easier To Can Federal Workers
65,Monsanto And Bayer Are Set To Merge. Here's Why You Should Care.,Monsanto And Bayer Are Set To Merge. Here's Why You Should Gaf.
66,The Joy Of Watching Harvey Weinstein 2019s Perp Walk,The Joy Of Watching Harvey Weinstein 2019s Perp Walk
67,The 20 Funniest Tweets From Women This Week,The 20 Funniest Tweets From Women This Week
68,'Queer Eye' Star Bobby Berk Gave Me A Desk Makeover -- And It Was Incredible, 'Queer Eye' Star Bobby Berk Gave Me A Desk Makeover -- And It Was Lit
69,Older Gay Men Try Out 'New Gay' Slang In This Hilarious Video, Output:  Older Gay Men Try Out 'New Gay' Slang In This Hilarious Video
70,How 'RuPaul 2019s Drag Race' Is Teaching Straight People About Queer Culture,Output:  How 'RuPaul 2019s Drag Race' Is Schooling Normies On The Realness
71,Fish Market Buys Freedom For Fred The 70-Pound Octopus,Fish Market Buys Freedom For Fred The 70-Pound Octo-dude
72,North Korea Threatens Again To Call Off Trump Summit  Warns Of  2018Nuclear Showdown 2019, North Korea Threatens Again To Call Off Trump Summit  Warns Of  2018Nuclear Showdown 2019
73,Investigation Finds Russian Missile Shot Down Flight MH17,Investigation Finds Russian Missile Shot Down Flight MH17
74,North Korea Demolishes Tunnels At Nuclear Test Site  Reports Say, Output: North Korea Demolishes Tunnels At Nuclear Test Site Feds Say
75,How Kim Jong Un  2018Baited 2019 Trump Into Canceling The North Korea Summit, Output:  How Kim Jong Un  2018Trolled 2019 Trump Into Canceling The North Korea Summit
76,Michelle Obama Reveals Cover For Upcoming Memoir 'Becoming', Michelle Obama Reveals Cover For Upcoming Memoir 'Becoming'
77,'Late Night' Writer's Breathless Royal Wedding Recap Is The Only One You Need, 'Late Night' Writer's Breathless Royal Wedding Recap Is The Only One You Need
78,Morgan Freeman Accused Of Inappropriate Behavior And Sexual Harassment, Morgan Freeman Accused Of Being A Creep And Sexual Harassment
79,Jets Chairman Christopher Johnson Won't Fine Players For Anthem Protests,Jets Chairman Christopher Johnson Ain't Finna Fine Players For Anthem Protests
80,Andy Cohen And Taylor Swift Are Over Their Katy Perry Drama, Andy Cohen And Taylor Swift Are Over Their Katy Perry Drama
81,'Infinity War' Writers Try To Clear Up Marvel's Problematic Timeline,Infinity War' Writers Try To Clear Up Marvel's Problematic Timeline With A Lot of Exposition
82,David Blaine Chews Glass And Lets James Corden Puncture His Cheek, David Blaine Chews Glass And Lets James Corden Put A Hole In His Cheek
83,Amy Poehler: A 'Parks And Recreation' Revival Would Be 'Amazing', Amy Poehler: A 'Parks And Recreation' Revival Would Be 'Lit'
84,Colbert Exposes The 00a0Biggest Flaw In Trump 2019s Latest Conspiracy Theory, Colbert Exposes The Biggest Flaw In Trump's Latest Conspiracy Theory
85,Seth Meyers Gives Donald Trump Some Valuable Marketing Advice, Seth Meyers Gives Donald Trump Some Valuable Marketing Advice
86,U.S. Launches Auto Import Probe  China Vows To Defend Its Interests,U.S. Launches Auto Import Probe  China Vows To Defend Its Interests
87,This Women Pulled Out All The Stops To Land Her Dream Job, This Women Pulled Out All The Stops To Land Her Dream Job  This chick pulled out all the stops to land her dream job.
88,Wife Asked Husband For Fenty Highlighter And Got a Pack Of Highlighters  Hairbrush, Wife Asked Husband For Fenty Highlighter And Got a Pack Of Highlighters  Hairbrush
89,Trump Roasted For Rushing To Defend Tomi Lahren While Ignoring Real Victims, Trump Roasted For Rushing To Defend Tomi Lahren While Ignoring Real Victims
90,Trump Abruptly Cancels North Korea Summit With Kim Jong Un,Trump Abruptly Cancels North Korea Summit With Kim Jong Un
91,Devin Nunes-Linked Winery Faced Suit Over Alleged Coke And Prostitute Yacht Party, Devin Nunes-Linked Winery Faced Suit Over Alleged Coke And Prostitute Yacht Party
92,Immigrant Children Accuse Border Patrol Of Abuse And Neglect  Report Shows, Output:  Immigrant Children Accuse Border Patrol Of Abuse And Neglect  Report Shows
93,Ireland's Historic Vote On Legalizing Abortion Is Haunted By Trump And Brexit, Output:  Ireland's Historic Vote On Legalizing Abortion Is Haunted By Trump And Brexit
94,Trump Lawyer Attended DOJ Meeting On Confidential FBI Informant, Trump Lawyer Attended DOJ Meeting On Confidential FBI Snitch
95,Senate Advances Court Pick Who Said Planned Parenthood 'Kills Over 150 000 Females A Year 2019,Senate Advances Court Pick Who Said Planned Parenthood 'Kills Over 150 000 Females A Year 2019
96,Rudy Giuliani: Trump Won't Interview With Mueller Until We Get  2018Spygate 2019 Report, Output:  Rudy Giuliani: Trump Won't Interview With Mueller Until We Get  2018Spygate 2019 Report
97,Kentucky Attorney Running For Judge Dies 1 Day After Primary Win, Output:  Kentucky Attorney Running For Judge Dies 1 Day After Primary Win
98,Chrissy Teigen Taunts Donald Trump Over Twitter Blocking Ruling,Output:  Chrissy Teigen Taunts Donald Trump Over Twitter Blocking Ruling Like a Bawse
99,The Koch Network Is Going After One Of Trump 2019s Favorite Congressmen,The Koch Network Is Going After One Of Trump's 2019 BFFs In Congress
100,Trump Posthumously Pardons Boxer Jack Johnson, Trump Posthumously Pardons Boxer Jack Johnson
101,Ellen Tears Up When Ashton Kutcher Donates $4 Million To Her Wildlife Fund, Output:  Ellen Cries When Ashton Kutcher Donates $4 Million To Her Wildlife Fund
102,Ariana Grande Reveals Bee Tattoo In Honor Of The Manchester Attack, Output:  Ariana Grande Reveals Bee Tattoo In Honor Of The Manchester Bombing
103,Kim Kardashian Wished Kanye West A Happy Anniversary And  Fine  It's Pretty Cute,Kim Kardashian Wished Kanye West A Happy Anniversary And He's A Lucky Dude Cause She's A Catch
104,Chris Hemsworth Dances 'Wrecking Ball' With His Kids In The Living Room, Chris Hemsworth Dances 'Wrecking Ball' With His Kids In The Living Room
105,Moses Farrow Defends Woody Allen And Accuses Mia Farrow Of Abuse, Moses Farrow Defends Woody Allen And Accuses Mia Farrow Of Being A Crazy Bitch
106,Gwyneth Paltrow Says Brad Pitt Threatened To Kill Harvey Weinstein,Gwyneth Paltrow Says Brad Pitt Threatened To Off Harvey Weinstein
107,Stephen King Reveals Why Donald Trump Blocked Him On Twitter,Stephen King Reveals Why Donald Trump Blocked Him On Twitter. He's a Butthurt Baby.
108,Fans Back Jessica Walter After She Addressed Verbal Harassment By Jeffrey Tambor,Fans Got Jessica Walter's Back After She Addressed Verbal Harassment By Jeffrey Tambor
109,Jessica Walter Discusses Jeffrey Tambor's Alleged Harassment While Male Co-Stars Brush It Off, Jessica Walter Discusses Jeffrey Tambor's Alleged Harassment While Male Co-Stars Are Like Whatever
110,Harvey Weinstein Expected To Turn Himself In To The NYPD For Sex Crimes, Harvey Weinstein Expected To Turn Himself In To The NYPD For Sex Crimes
111,Samantha Bee Torches ICE: 'Let's Shut It The F**k Down', Samantha Bee Torches ICE: 'Let's Shut It The F**k Down'
112,Scott Pruitt Twice Introduced Anti-Abortion Bills Giving Men  2018Property Rights 2019 Over Fetuses, Output:  Scott Pruitt Twice Introduced Anti-Abortion Bills Giving Men 2018 Dibs 2019 Over Fetuses
113,Twitter Critics Mercilessly Mock Trump For Canceling Summit With Kim,Twitter Critics Roast Trump For Canceling Summit With Kim
114,Civil Rights Groups Rip Senate Bill Revising Its Own Sexual Harassment Policy,Civil Rights Groups Rip Senate Bill Revising Its Own Sexual Harassment Policy
115,Alabama Sues To Exclude Undocumented Immigrants From Census Count,Alabama Sues To Exclude Wetbacks From Census Count
116,Cynthia Nixon Vows To Keep Fighting After (Predictably) Losing Party Endorsement, Cynthia Nixon Vows To Keep Fighting After (Predictably) Losing Party Endorsement
117,White House Officials Reportedly Considered Just 'Ignoring' New Climate Research, White House Officials Reportedly Considered Just 'Pretending' New Climate Research Didn't Exist
118,Read Trump's Letter To Kim Jong Un Canceling North Korea Summit,"Read Trump's Letter To Kim Jong Un Canceling North Korea Summit  ""I was really looking forward to meeting you. Sadly, based on the tremendous anger and open hostility displayed in your most recent statement, I feel it is inappropriate, at this time, to have this long-planned meeting. Therefore, please let this letter serve to represent that the Singapore summit, for the good of both parties, but to the detriment of the world, will not take place. You"
119,South Korea Responds To Trump's Sudden Cancellation Of Kim Jong Un Summit," South Korea Responds To Trump's Sudden Cancellation Of Kim Jong Un Summit With ""WTF Mate?"""
120,Facebook's New Ad Rules Prove It's Basically In Charge Of Regulating Elections Now, Facebook's New Ad Rules Prove It's Basically In Charge Of Regulating Elections Now
121,Border Agent Fatally Shoots Migrant Woman In Texas,Border Agent Fatally Shoots Migrant Woman In Texas
122,Trump Opens Door For U.S. Gun Industry To Sell More Firearms Abroad, Output:  Trump Opens Door For U.S. Gun Industry To Sell More Heat Abroad
123,'Stormy Daniels Day' Declared In West Hollywood As Adult Star Gets Key To City,Stormy Daniels Day' Declared In West Hollywood As Adult Star Gets Key To City
124,You're Going To Use That Self-Checkout Machine Whether You Like It Or Not, You're Going To Use That Self-Checkout Machine Whether You Like It Or Not
125,14 Ways To Make Family Road Trips Easier  From Parents Who've Been There,14 Ways To Make Family Road Trips Easier From Parents Who've Been There
126,Jake Tapper Shreds Donald Trump With A Long List Of His Conspiracy Theories,Jake Tapper Shreds Donald Trump With A Long List Of His Wacko Conspiracy Theories
127,New York Daily News Rips NFL Over Anthem Kneeling Ban,"New York Daily News Rips NFL Over Anthem Kneeling Ban, Says They're a Bunch of Fools"
128,A Judge Ruled One Immigrant Had A Right To A Hearing. What About All The Others?, A Judge Ruled One Immigrant Had A Right To A Hearing. What About All The Others?  
129,House Democrats Offer Internships For Students Affected By Gun Violence, House Democrats Offer Internships For Students Affected By Gun Violence
130,Tig Notaro Tells Ellen DeGeneres About Her Sons' Passion For Trash, Tig Notaro Tells Ellen DeGeneres About Her Sons' Passion For Garbage
131,Stormy Daniels Thanks  2018Wonderful Gay Dads 2019 As West Hollywood Hands Her Keys To City,Stormy Daniels Thanks 2018 Wonderful Gay Dads 2019 As West Hollywood Hands Her Keys To City
132,Can You Believe? Queer Eye Season 2 Drops Next Month, Can You Believe? Queer Eye Season 2 Drops Next Month
133,Gay Man Denied Marriage License By Kim Davis Loses Bid To Unseat Her,Gay Man Denied Marriage License By Kim Davis Loses Bid To Unseat Her
134,Anna Kournikova Dancing With Her Bouncing Baby Is The Cutest Thing, Anna Kournikova Dancing With Her Bouncing Baby Is The Cutest Thing
135,Trump Says NFL Players Unwilling To Stand For Anthem Maybe 'Shouldn't Be In The Country', Trump Says NFL Players Who Kneel Maybe 'Shouldn't Be In The Country'
136,Facebook Accused Of Reading Texts And Accessing Microphones In Lawsuit, Output:  Facebook Accused Of Reading Texts And Listening In On Microphones In Lawsuit
137,Self-Driving Uber In Fatal Accident Had 6 Seconds To React Before Crash, Self-Driving Uber In Fatal Accident Had 6 Seconds To React Before Crash
138,Amazon Admits Alexa Device Eavesdropped On Portland Family,Amazon Admits Alexa Device Eavesdropped On Portland Family's Private Conversations
139,Man Discovers Handgun Impaled In Front Bumper Of Car,Man Discovers Handgun In Front Bumper Of Car and Is Like WTF
140,Rescue Cat Has Hilarious Wide-Eyed Expression After Scan Confirms She Is Pregnant, Rescue Cat Has Hilarious Wide-Eyed Expression After Scan Confirms She Is Pregnant AF
141,Weirdest Promposals Of 2018 Include Teen Who Faked His Own Birth,Weirdest Promposals Of 2018 Include Teen Who Faked His Own Birth
142,Trump And The American Far Right Stoke Hate In Canada,"Trump And The American Far Right Stoke Hate In Canada, eh?"
143,Far-Right And Anti-Establishment Parties Set To Form Italy's New Government, Far-Right And Anti-Establishment Parties Set To Form Italy's New Government
144,Sarah Silverman Sees No Reason Why Louis C.K. Can't Continue Being An Artist, Output:  Sarah Silverman Sees No Reason Why Louis C.K. Can't Keep Being An Artist
145,Southern Baptist Leader Who Said Abused Women Should Just Pray Is Removed From Post, Southern Baptist Leader Who Said Abused Women Should Just Pray Is Removed From Post
146,More Americans Than Ever Support Same-Sex Marriage,More Americans Than Ever Support Homosexual Marriage
147,Brynn Cartelli Becomes Youngest-Ever Winner Of 'The Voice', Brynn Cartelli Becomes Youngest-Ever Winner Of 'The Voice'  output: Brynn Cartelli is the new Voice champ!
148,Betsy DeVos Stirs Uproar By Saying Schools Can Call ICE On Undocumented Kids, Betsy DeVos Stirs Uproar By Saying Schools Can Call ICE On Undocumented Kids
149,6 Sandy Hook Families  FBI Agent Sue Alex Jones For Defamation,6 Sandy Hook Families  FBI Agent Sue Alex Jones For Being A Fucking Liar
150,High School Teacher Defeats Kentucky House Majority Leader In GOP Primary, High School Teacher Defeats Kentucky House Majority Leader In GOP Primary
151,Lupe Valdez Makes History In Texas By Winning Democratic Nod For Governor,Lupe Valdez Makes History In Texas By Winning Democratic Nod For Governor
152,Report: Michael Cohen's Business Partner Cooperating With Prosecutors,Report: Michael Cohen's Business Partner Spilling The Tea To Prosecutors
153,Brandi Chastain Totally Agrees Her Hall Of Fame Plaque Looks Nothing Like Her,Brandi Chastain Totally Agrees Her Hall Of Fame Plaque Looks Nothing Like Her IRL
154,Scientists Turn To DNA Technology To Search For Loch Ness Monster,Scientists Turn To DNA Technology To Search For Nessie
155,'Late Night' Writer Vows To 'Take Red Hats Back' From Trump Supporters, 'Late Night' Writer Vows To 'Take Red Hats Back' From Trump Supporters
156,Julia Louis-Dreyfus To Receive 2018 Mark Twain Prize for American Humor, Julia Louis-Dreyfus To Receive 2018 Mark Twain Prize for American Humor
157,Michelle Obama Shares Intimate Wedding Photo In Tribute To Husband Barack, Output:  Michelle Obama Shares Intimate Wedding Photo In Tribute To Husband Barack
158,Did You Spot Trevor Noah In 'Black Panther'? The 'Daily Show' Host's Stealth Cameo Revealed,Did You Spot Trevor Noah In 'Black Panther'? The 'Daily Show' Host's Stealth Cameo Revealed
159,Donald Glover Fans Execute Stunning Coup On Donald Trump-Themed Reddit Forum, Donald Glover Fans Execute Stunning Coup On Donald Trump-Themed Reddit Forum
160,T.I. Calls For Boycott Of Restaurant After Off-Duty Cop Allegedly Assaults 3 Black Women,T.I. Calls For Boycott Of Restaurant After Off-Duty Cop Allegedly Assaults 3 Black Women
161,Survivor Of Rwandan Genocide To Be Country's First Female Neurosurgeon, Survivor Of Rwandan Genocide To Be Country's First Female Neurosurgeon
162,Stacey Abrams Wins Democratic Primary For Georgia Governor, Stacey Abrams Wins Democratic Primary For Georgia Governor
163,Trevor Noah Reveals The Question He 2019d Ask Donald Trump That No Else Has Dared To, Trevor Noah Reveals The Question He Would Ask Donald Trump That No Else Has Dared To
164,Michelle Obama Reflects On  2018Scary 2019 Time At Princeton With Sweet Throwback Snap,Michelle Obama Reflects On 2018 With Sweet Throwback Snap
165, 201813 Reasons Why 2019 Started A Conversation. Who 2019s Responsible For Finishing It?, Output:  201813 Reasons Why 2019 Started A Conversation. Who 2019s Responsible For Finishing It?
166,Lourdes Leon Gives Us Major Madonna Vibes In Moody New Ad Campaign Pics,Lourdes Leon Gives Us Major Madonna Vibes In Moody New Ad Campaign Pics
167,5 Ways Netflix Tricks You Into Watching More Shows And Movies,5 Ways Netflix Tricks You Into Binge Watching More Shows And Movies
168,Brad Pitt Made Ryan Reynolds Do One Demeaning Thing In Exchange For 'Deadpool 2' Cameo,Brad Pitt Made Ryan Reynolds Do One Gross Thing In Exchange For 'Deadpool 2' Cameo
169,Robert De Niro Bans Trump From Every Nobu Restaurant, Output:  Robert De Niro Bans Trump From Every Nobu Restaurant cuz he's a mad hater.
170,Ariana Grande Shuts Down Fan Blaming Her For  2018Heartbreaking 2019 Mac Miller Split, Output:  Ariana Grande Shuts Down Fan Blaming Her For  2018 heartbreaking 2019 Mac Miller Split
171,Parents Slam 'Show Dogs' Scenes As Grooming Children For Sexual Abuse, Parents Slam 'Show Dogs' Scenes As Grooming Children For Sexual Abuse
172,Dave Grohl Wants To Apologize To The World For  2018Massive Jerk 2019 Trump, Dave Grohl Wants To Apologize To The World For  2018Massive Jerk 2019 Trump
173,Emilia Clarke Introduced Herself To Prince William In A Pretty Embarrassing Way,Emilia Clarke Introduced Herself To Prince William In A Pretty Awkward Way
174,Sarah Paulson Takes Impressions To Next Level On 'Tonight Show', Sarah Paulson Takes Impressions To Next Level On 'Tonight Show'
175,The B-52s Are Still Ready To Party. And Be Taken Seriously., The B-52s Are Still Ready To Party. And Be Taken Seriously.
176,Gina Ortiz Jones Wins Democratic Runoff In Texas Congressional Race, Output: Gina Ortiz Jones WINS Democratic Runoff In Texas Congressional Race
177,Fighter Pilot Amy McGrath Wins Democratic Primary In Kentucky Swing District, Fighter Pilot Amy McGrath Wins Democratic Primary In Kentucky Swing District
178,Trump Rallies Conservatives With Promise Of More Abortion Curbs,Trump Rallies Conservatives With Promise Of More Abortion Curbs
179,The ACLU Is Suing To Strike Down Ohio's Congressional Map,The ACLU Is Suing To Strike Down Ohio's Congressional Map
180,The Latest School Shooting Hasn't Really Stirred The Gun Debate, The Latest School Shooting Hasn't Really Stirred The Gun Debate
181,Donald Trump Tweet Rescues 'Roseanne' And Family In Season Finale,Donald Trump Tweet Rescues 'Roseanne' And Family In Season Finale
182,Ellen Grills Mark Wahlberg About His Shirtless Instagram Selfies,Ellen Grills Mark Wahlberg About His Thirsty Instagram Selfies
183,Idris Elba To Star As The New Hunchback Of Notre Dame For Netflix, Idris Elba To Star As The New Hunchback Of Notre Dame For Netflix
184,Maryland Police Charge 3 Church Leaders With Past Abuse Of At-Risk Teen Girls, Maryland Police Charge 3 Church Leaders With Past Abuse Of At-Risk Teen Girls
185,NFL Bans Kneeling During The National Anthem,"NFL Bans Kneeling During The National Anthem, People LOSE THEIR MINDS"
186,Conan O'Brien Muscles In On The Royal Wedding With His Own Spoof Ads,Conan O'Brien Muscles In On The Royal Wedding With His Own Spoof Ads
187,House Republicans Report Progress On An Immigration Deal, House Republicans Report Progress On An Immigration Deal
188,Democrats Weren't Invited To Review Classified Documents On FBI Informant,Democrats Weren't Invited To Review Classified Documents On FBI Snitch
189,GOP Candidate Who Pointed Gun At Teenager Advances To Georgia Governor Primary Runoff,GOP Candidate Who Pulled Gun on Teenager Advances To Georgia Governor Primary Runoff
190,Walking Definition Of An Entitled Millennial Swears He's Not An Entitled Millennial, Walking Definition Of An Entitled Millennial Swears He's Not An Entitled Millennial
191,Democrats Push To Be Included In Classified Briefing On FBI Informant, Democrats Push To Be Included In Classified Briefing On FBI Snitch
192,Machines Don't Always Steal Our Jobs. Increasingly  They Rob Our Work Of Humanity., Output:  Machines Don't Always Steal Our Jobs. Increasingly They Rob Our Work Of Humanity.
193,Trump Praises Tomi Lahren After Restaurant Crowd Tosses Water  Insults,Trump Praises Tomi Lahren After Restaurant Crowd Tosses Water  and Shade
194,Sarah Sanders: It 'Bothers Me' Being Called A Liar,Sarah Sanders: It 'Bothers Me' Being Called A L
195,Trump Blocking People On Twitter Is Unconstitutional  Judge Rules,Trump Blocking People On Twitter Is Unconstitutional  Judge Rules  
196,A Mostly Non-Christian Militia Won 2 Of Iraqi Christians' Parliamentary Seats. Now Christians Want Trump To Intervene., Output:  A Mostly Non-Christian Militia Won 2 Of Iraqi Christians' Parliamentary Seats. Now Christians Want Trump To Intervene.
197,Tulsi Gabbard's Syria Views Cost Her Support Of Hawaii Teachers Union, Output:  Tulsi Gabbard's Syria Views Cost Her Support Of Hawaii Teachers Union
198,Jared Kushner Received His Security Clearance: Reports, Output:  Jared Kushner Got His Security Clearance: Reports
199,Arizona GOP Congressional Candidate Compares Abortion To Holocaust,Arizona GOP Congressional Candidate Compares Abortion To Nazi Genocide
200,Gun Reform Advocate Lucy McBath Heads To Runoff For Georgia House Seat,Gun Reform Advocate Lucy McBath Heads To Runoff For Georgia House Seat
201,'Star Wars' Burlesque Show Storms West Coast With Sexy Stormtroopers, 'Star Wars' Burlesque Show Storms West Coast With Sexy Stormtroopers
202,Establishment-Backed Moderate Wins Heated Democratic House Primary In Texas, Output:  Establishment-Backed Moderate Wins Heated Democratic House Primary In Texas
203,Senators Unveil Bill To Crack Down On Their Sexual Harassment, Senators Unveil Bill To Crack Down On Their Sexual Harassment
204,14 Trips To Take From New York City On A Long Weekend,14 Trips To Take From New York City On A Long Weekend
205,Disney Reveals Opening Seasons For 'Star Wars' Theme Park Lands,Disney Reveals Opening Seasons For 'Star Wars' Galaxy's Edge
206,The Latest Entries From The Comedy Wildlife Photo Awards Will Cheer You Up,The Latest Entries From The Comedy Wildlife Photo Awards Will Make You Lol
207,Bad Lip Reading Reveals What Was Really Said At The Royal Wedding, Bad Lip Reading Reveals What Was Really Said At The Royal Wedding Was Actually Just A Bunch Of Gibberish
208,Australian Archbishop Convicted Of Covering Up Child Sex Abuse, Output:  Australian Archbishop Copped a Plea For Covering Up Child Sex Abuse
209,Commander Says Iran 2019s People Will Respond To Pompeo's Threats With A Punch In The Mouth, Commander Says Iran 2019s People Will Respond To Pompeo's Threats With A Punch To The Face
210,Mark Zuckerberg Extends Facebook Apology Tour With European Gig, Mark Zuckerberg Extends Facebook Apology Tour With European Grind
211,Ariana Grande Tweets Message Of Support On Manchester Bombing Anniversary, Output:  Ariana Grande Tweets Message Of Support On Manchester Bombing Anniversary
212,Katy Perry Says She's 'Not Single' On 'American Idol', Katy Perry Says She's 'Not Single' On 'American Idol'
213,'Before You Call The Cops' On Him  Watch His Powerful Monologue On Racism,Before You Call The Cops' On Him Watch His Powerful Monologue On Racism
214,Amazon Is Selling Cops Its Facial Recognition Tool. That 2019s A Bad  Potentially Racist Move.,Amazon Is Selling Cops Its Facial Recognition Tool. That's A Bad  Potentially Racist Move.
215,Miley Cyrus Comes In Like A Wrecking Ball To Prank A Sleeping Jimmy Kimmel, Miley Cyrus Comes In Like A Wrecking Ball To Prank A Sleeping Jimmy Kimmel
216,Vanessa Bayer Feared Doing The 'Porn Stars' Skit With Donald Trump On 'SNL', Vanessa Bayer Feared Doing The 'Porn Stars' Skit With Donald Trump On 'SNL'
217,Adam Rippon Wins 'Dancing With The Stars' Because It Was Destined,Adam Rippon Wins 'Dancing With The Stars' Because Fates
218,Emilia Clarke Should Never Try To Imitate Chewbacca Ever Again, Emilia Clarke Should Never Try To Imitate Chewbacca Ever Again
219,Maddie Poppe Wins 'American Idol' After Runner-Up Reveals They're Dating, Maddie Poppe Wins 'American Idol' After Runner-Up Reveals They're Smashing
220,Colbert Just Can 2019t Resist Turning Trump 2019s Nickname Into A Pee Tape Joke, Output: Colbert Just Can't Stop Himself from Turning Trump's Nickname into a Pee Tape Joke
221,Seth Meyers Is Forced To Tweak Donald Trump's Latest Twitter Rant For Time, Seth Meyers Is Forced To Werk Donald Trump's Latest Twitter Rant For Time
222,Boy Says Teacher Told Him It Will Be His Fault When Police Shoot Him At Age 16, Boy Says Teacher Told Him It Will Be His Fault When Police Shoot Him At Age 16
223,Cops Accused Of Racism After Detaining Black Man Over 'Vegetation', Cops Accused Of Racism After Detaining Black Man Over 'Plants'
224,White Cop Shouts At Black Suspect: 'Pretend Like We're Going To Shoot You', White Cop Shouts At Black Suspect: 'Pretend Like We're Going To Shoot You'
225,Florida Police Report 2 Dead After Standoff At Panama City Apartment Complex, Florida Police Report 2 Dead After Standoff At Panama City Apartment Complex
226,Donald Glover Is On Board With Lando Calrissian's Pansexuality In 'Solo', Donald Glover Is On Board With Lando Calrissian's Pansexuality In 'Solo'
227,Charlize Theron To Play Megyn Kelly In Film About Roger Ailes,Charlize Theron To Play Megyn Kelly In Film About Roger Ailes
228,Shoppers Boycott Publix Over Store's Donations To NRA-Backed Candidate, Shoppers Boycott Publix Over Store's Donations To NRA-Backed candidate
229,Bill De Blasio Tells NYPD To Stop Arresting People For Smoking Pot On The Street,Bill De Blasio Tells NYPD To Stop Arresting People For Smoking Dank On The Street
230,DHS Head Says She 2019s Still  Somehow  Unaware Of Intel On Russia Interference To Boost Trump,DHS Head Says She 2019s Still  Somehow  Unaware Of Intel On Russia Interference To Boost Trump
231,Lawmaker Introduces Crowdfunding Bill To Pay For Trump's Border Wall, Lawmaker Introduces Crowdfunding Bill To Pay For Trump's Wall
232,GOP Lawmakers Will Soon Be Allowed To Review Classified Info On Russia Investigation,GOP Lawmakers Will Soon Be Allowed To Review Classified Info On Russia Investigation
233,James Corden Reveals The Worst Part Of The Royal Wedding Ceremony,James Corden Reveals The Worst Part Of The Royal Wedding Was When He Almost Farted
234,Ariana Grande Reportedly Dating 'SNL' Star Pete Davidson,Ariana Grande Reportedly Dating 'SNL' Star Pete Davidson
235,Jim Carrey Pens New Pledge Of Allegiance For Students In Bullet-Riddled Schools,Jim Carrey Pens New Pledge Of Allegiance For Students In Schools With Lots Of Shootings
236,Ellen Gets David Spade To Open Up About Dating Younger Women,Ellen Gets David Spade To Open Up About Dating Younger Chicks
237,Ceasefire Over? Jimmy Kimmel Shreds Sean Hannity And  2018Those Dummies On Fox & Friends 2019, Ceasefire Over? Jimmy Kimmel Shreds Sean Hannity And  2018Those Dummies On Fox & Friends 2019
238,Spoof Royal Wedding Video Sees Ceremony Taking A Very Different Turn, Output: Spoof Royal Wedding Video Sees Ceremony Taking A Very Different Turn
239,The Georgia GOP Governor's Primary Focuses On Guns And Immigration,The Georgia GOP Governor's Primary Focuses On Big Bois With Big Toys and People Who Ain't 'Merican
240,GLAAD's Movie Report Finds Troubling Drop In LGBTQ Representation,GLAAD's Movie Report Finds Troubling Drop In LGBTQ Representation
241,Sephora Now Offers In-Store Beauty Classes For Trans  Nonbinary Community, Sephora Now Offers In-Store Beauty Classes For Trans and Nonbinary Community
242,Georgia Governor 2019s Primary Highlights Competing Visions For The Democratic Party,Georgia Governor 2019s Primary Highlights Competing Visions For The Democratic Party
243,California Moves To Let Schools  Co-workers 'Red Flag' Dangerous Gun Owners,California Moves To Let Schools and Co-workers 'Red Flag' Dangerous Fudds
244,Talking Grievance And Health Care  An Outsider Kentucky Dem Found The Inside Track,Talking Grievance And Health Care  An Outsider Kentucky Dem Found The Dope Hookup
245,There Are Some Problems With This Commemorative Trump-Kim Jong Un Coin,There Are Some Problems With This Commemorative Trump-Kim Jong Un Coin
246,Giuliani 2019s New Stance On Russian Collusion: So What? It 2019s Not Illegal.,Giuliani 2019s New Stance On Russian Collusion: So What? It 2019s Not Illegal.
247,The Onion Hilariously Trolls Michael Cohen With His Own Cease-And-Desist Note, The Onion Hilariously Owns Michael Cohen With His Own Cease-And-Desist Note
248,Democrats Want To Boost School Funding To Address Teacher Walkouts,Democrats Want To Boost School Funding To Address Teacher Walkouts
249,But Her Emails? Lawmakers Shrug Off Trump 2019s Lax Cellphone Security, But Her Emails? Lawmakers Shrug Off Trump 2019s Lax Cellphone Security
250,We Try Stink Bug-Flavored Jelly Bellys So You Don't Have To,"We Try Stink Bug-Flavored Jelly Bellys So You Don't Have To, You're Welcome"
251,Power Outage Triggers 'Extreme Zombie Activity' Alert In Florida City,Power Outage Triggers 'Extreme Zombie Activity' Alert In Florida City
252,Congress Does Wall Street A Favor As Banks Post Record Profits, Congress Does Wall Street A Solid As Banks Post Record Profits
253,White House Sinkhole Probably Metaphor For Something, White House Sinkhole Probably Metaphor For America's Crumbling Infrastructure
254,Reporter Shoved  Others Barred From EPA Meeting On Water Contaminants,Reporter Shoved  Others Barred From EPA Meeting On Water Contaminants
255,Garry Kasparov: Donald Trump Has More Russian Connections Than Aeroflot,Garry Kasparov: Donald Trump Has More Russian Connections Than the FSB
256,Lonely Planet's Top European Destinations Of 2018 Take Aim At Overtourism,Lonely Planet's Top European Destinations Of 2018 Take Aim At Overtourism
257,Attorney Aaron Schlossberg Insists Anti-Spanish Rant 'Is Not The Person I Am'," Attorney Aaron Schlossberg Insists Anti-Spanish Rant 'Is Not Me, I'm Just A Racist POS'"
258,'60 Minutes' Reporter Reveals Trump's Chilling Reason For Slamming The Press,60 Minutes' Reporter Reveals Trump's Chilling Reason For Slamming The Press is Cause He's a Fucking Moron
259,Trump Reportedly Rejects Phone Security Measures As 'Too Inconvenient', Trump Reportedly Rejects Phone Security Measures As 'Too Inconvenient'
260,Federal Court Sides With Transgender Teen Gavin Grimm In Bathroom Fight, Federal Court Sides With Transgender Teen Gavin Grimm In Bathroom Fight
261,Ex-Trump Adviser Calls President's Claims That Informant Spied On Campaign 'Embarrassing', Ex-Trump Adviser Calls President's Claims That Informant Spied On Campaign 'Lame'
262,Vietnam Is A Test For What Happens When The U.S. Abandons Climate Diplomacy, Vietnam Is A Test For What Happens When The U.S. Abandons Climate Diplomacy
263,Just One-Third Of Americans Think Trump Is Successfully Draining The Swamp, Just One-Third Of Americans Think Trump Is Actually Draining The Swamp
264,MSNBC Host Hugh Hewitt Suggests 'Trench Coat' Control  Not Gun Control,MSNBC Host Hugh Hewitt Suggests 'Trench Coat' Control  Not Gun Control
265,Bishop Michael Curry: Harry And Meghan's Love Brought Different Worlds Together, Bishop Michael Curry: Harry And Meghan's Love Brought Different Worlds Together
266,Sarah Paulson Is Unapologetic About 32-Year Age Gap With Girlfriend Holland Taylor,Sarah Paulson Is Unapologetic About 32-Year Age Gap With Girlfriend Holland Taylor
267,Texans On Both Sides Of Gun Debate Agree On Safe Storage  But Not On How To Support It,Output:  Texans On Both Sides Of Gun Debate Agree On Safe Storage But Not On How To Support It
268,Family Of Gay Man Found Critically Injured Near Amtrak Route Wants Answers, Family Of Gay Man Found Critically Injured Near Amtrak Route Wants Answers
269,Caitlyn Jenner: Trump Is The 'Worst President We Have Ever Had' On LGBTQ Rights, Caitlyn Jenner: Trump Is The 'Worst President We Have Ever Had' On LGBTQ Rights
270,Boy Scout Allegedly Booted From Store Because Company Won't 'Support Homos', Boy Scout Allegedly Booted From Store Because Company Won't 'Support Fags'
271,Instagram Is Adding A 'Mute' Button For The Sake Of Your Sanity,Instagram Is Adding A 'Mute' Button For The Sake Of Your Sanity
272,Publix Censors Teen's 'Summa Cum Laude' Graduation Cake,Publix Censors Teen's 'Summa Cum Laude' Graduation Cake
273,What Do You Say To Sexist Passengers? This Female Pilot Has The Perfect Response., Output:  What Do You Say To Sexist Passengers? This Female Pilot Has The Perfect Clapback.
274,Time's Up Takes Aim At McDonald's  Walmart Over Sexual Harassment Complaints,Time's Up Takes Aim At McDonald's  Walmart Over Sexual Harassment Allegations
275,Venezuela's Socialist Leader Nicolas Maduro Re-Elected Amid Allegations Of Irregularities, Venezuela's Socialist Leader Nicolas Maduro Re-Elected Amid Allegations Of shady business
276,Iran Says Europe's Support For Nuclear Deal Isn't Enough After America's Withdrawal,Iran Says Europe's Support For Nuclear Deal Ain't Shit After America's Withdrawal
277,Far-Right Mob Attacks 75-Year-Old Liberal Greek Mayor, Far-Right Mob Attacks 75-Year-Old Liberal Greek Mayor  
278,Shawn Mendes And Khalid Perform With Parkland Survivors At Billboard Music Awards,Shawn Mendes And Khalid Perform With Parkland Survivors At Billboard Music Awards
279,Tamir Rice's Mother Is Opening A Youth Center To Honor Her Son's Memory, Output:  Tamir Rice's Mother Is Opening A Youth Center To Honor Her Son's Memory
280,Judge Orders Texas To Make Voter Registration Easier When Updating DMV Info, Output:  Judge Orders Texas To Make Voter Registration Less Painful When Updating DMV Info
281,Kelly Clarkson Calls For 'Moments Of Action' In Honor Of Texas Shooting Victims At Billboard Awards,Kelly Clarkson Calls For 'Moments Of Action' In Honor Of Texas Shooting Victims At Billboard Awards
282,Kendrick Lamar Stops White Fan Rapping N-Word Onstage, Kendrick Lamar Stops White Fan Rapping N-Word Onstage
283,Gay Man Says Pope Francis Told Him   2018God Made You Like That And Loves You Like That', Gay Man Says Pope Francis Told Him '2018 God Made You Like That And Loves You Like That'
284,Unusual Asteroid Could Be An Interstellar Guest To Our Solar System,Unusual Asteroid Could Be An Interstellar Guest To Our Solar System
285,She Started A Suicide Prevention Site At Age 15. It's Still Going Strong.,She Started A Suicide Prevention Site At Age 15. It's Still Going Strong.
286,Roger Stone Says He's 'Prepared' For 'Conjured Up' Mueller Indictment, Roger Stone Says He's 'Prepared' For 'Conjured Up' Mueller Indictment
287,Hillary Clinton To Endorse Andrew Cuomo's Re-Election, Hillary Clinton To Endorse Andrew Cuomo's Re-Election
288,The Supreme Court Just Made It A Lot Harder For You To Sue Your Employer,The Supreme Court Just Made It A Lot Harder For You To Sue Your Employer
289,Blake Farenthold May Have Been Hired Illegally At His New Lobbyist Job, Output:  Blake Farenthold May Have Been Hired Shady as F*ck At His New Lobbyist Job
290,Bill Konigsberg Explores A New Side Of The Gay Experience In His Latest Book, Bill Konigsberg Explores A New Side Of The Gay Experience In His Latest Book
291,'Alone In The Game' Shows Biggest Hurdles For LGBTQ Athletes Exist Off The Field, Output: 'Alone In The Game' Shows Biggest Hurdles For LGBTQ Athletes Exist In The Closet
292,Chrissy Teigen Somehow Gets Even More Real About Life After Childbirth, Chrissy Teigen Somehow Gets Even More Real About Life After Childbirth
293,'Suits' Creator Pens Heartfelt Open Letter About Attending Royal Wedding, Output:  'Suits' Creator Pens Heartfelt Open Letter About Attending Royal Wedding and Getting Turnt
294,Here Are The Movies Coming To Netflix This Week,"Here Are The Movies Coming To Netflix This Week, No Bummer"
295,The Obamas Are Coming To Your Netflix Queue, The Obamas Are Coming To Your Netflix Watch List
296,Sorry  Ben Affleck  Make Way For Justin Theroux's Giant Rat Tattoo,Sorry  Ben Affleck  Make Way For Justin Theroux's Rat Tat
297,Hillary Clinton Tips A Russian Hat At Trump During Yale Commencement Speech,Hillary Clinton Tips A Russian Hat At Trump During Yale Commencement Speech
298,Giuliani Says Mueller Can't Talk To Trump Until Trump Hears More About FBI Source, Giuliani Says Mueller Can't Talk To Trump Until Trump Hears More About FBI Source
299,Democrats Plan Big Anti-Corruption Theme For Midterms,Democrats Plan Big Anti-Corruption Theme For Midterms
300,Kelly Clarkson Rejects 'Moment Of Silence ' Calls For Change At Billboard Music Awards,Kelly Clarkson Rejects 'Moment Of Silence ' Calls For Change At Billboard Music Awards
301,We Asked The American Public To Settle 5 Of The Internet's Dumbest Debates, Output: We Asked The American Public To Settle 5 Of The Internet's Dumbest Debates  
302,Fox News Viewers Really Don 2019t Like Lifelong Republican Robert Mueller, Fox News Viewers Really Don't Like Robert Mueller
303,Trump Team Moves To Lift Ban On 'Extreme' Hunting Tactics In Alaska, Trump Team Moves To Lift Ban On 'Extreme' Hunting Tactics In Alaska
304,Howard Stern Tells How Trump Sexualized Ivanka And Makes David Letterman Cringe, Output:  Howard Stern Tells How Trump Sexualized Ivanka And Makes David Letterman Cringe
305,The Supreme Court Is Helping Companies Get Away With Sexual Harassment, The Supreme Court Is Helping Companies Get Away With Sexual Harassment
306,'Deadpool 2' Steals No. 1 Spot At The Box Office From 'Avengers: Infinity War', Output:  'Deadpool 2' Sticks It To 'Avengers: Infinity War' At The Box Office