,Prompt,Response
0,There Were 2 Mass Shootings In Texas Last Week  But Only 1 On TV,There Were 2 Mass Shootings In Texas Last Week  But Only 1 Got Air Time
1,Will Smith Joins Diplo And Nicky Jam For The 2018 World Cup's Official Song,Will Smith Joins Diplo And Nicky Jam For The 2018 World Cup's Official Bop
2,Hugh Grant Marries For The First Time At Age 57,Hugh Grant finally tied the knot at 57.
3,Jim Carrey Blasts 'Castrato' Adam Schiff And Democrats In New Artwork,Jim Carrey Blasts 'Castrato' Adam Schiff And Democrats In New Artwork
4,Julianna Margulies Uses Donald Trump Poop Bags To Pick Up After Her Dog,Julianna Margulies Uses Donald Trump Poop Bags To Pick Up After Her Dog
5,Morgan Freeman 'Devastated' That Sexual Harassment Claims Could Undermine Legacy,Morgan Freeman 'Devastated' That Sexual Harassment Claims Could Tarnish Legacy
6,Donald Trump Is Lovin' New McDonald's Jingle In 'Tonight Show' Bit,Donald Trump Is Diggity Down with the New McDonald's Jingle In 'Tonight Show' Bit
7,What To Watch On Amazon Prime That 2019s New This Week,What's good on Amazon Prime that just came out this week?
8,Mike Myers Reveals He'd 'Like To' Do A Fourth Austin Powers Film,Mike Myers Reveals He'd 'Like To' Do A Fourth Austin Powers Film
9,What To Watch On Hulu That 2019s New This Week,What's new on Hulu this week?
10,Justin Timberlake Visits Texas School Shooting Victims,Justin Timberlake Pays a Visit to Texas School Shooting Victims
11,South Korean President Meets North Korea's Kim Jong Un To Talk Trump Summit,South Korean President Meets North Korea's Kim Jong Un To Talk Trump Summit
12,With Its Way Of Life At Risk  This Remote Oyster-Growing Region Called In Robots,With Its Way Of Life At Risk  This Remote Oyster-Growing Region Called In the Robots
13,Trump's Crackdown On Immigrant Parents Puts More Kids In An Already Strained System,Trump's Crackdown On Immigrant Parents Puts More Kids In An Already Fucked System
14,'Trump's Son Should Be Concerned': FBI Obtained Wiretaps Of Putin Ally Who Met With Trump Jr.,Trump's Son Should Be Worried': FBI Obtained Wiretaps Of Putin Ally Who Met With Trump Jr.
15,Edward Snowden: There's No One Trump Loves More Than Vladimir Putin,Edward Snowden: Trump Loves Putin More Than Anyone
16,Booyah: Obama Photographer Hilariously Trolls Trump's 'Spy' Claim,Booyah: Obama Photographer Trolling Trump's 'Spy' Claim
17,Ireland Votes To Repeal Abortion Amendment In Landslide Referendum,Ireland Voted To Repeal Abortion Amendment In Landslide Referendum
18,Ryan Zinke Looks To Reel Back Some Critics With 'Grand Pivot' To Conservation,"Ryan Zinke's tryna' do some damage control with his ""grand pivot"" to conservation."
19,Weird Father's Day Gifts Your Dad Doesn't Know He Wants (But He Does),Weird Father's Day Gifts Your Dad Doesn't Know He Wants (But He Totally Does)
20,Twitter #PutStarWarsInOtherFilms And It Was Universally Entertaining,Twitter #PutStarWarsInOtherFilms And It Was Hilarious
21,Mystery 'Wolf-Like' Animal Reportedly Shot In Montana  Baffles Wildlife Officials,Mystery 'Wolf-Like' Animal Reportedly Shot In Montana  Baffles Wildlife Officials
22,North Korea Still Open To Talks After Trump Cancels Summit,North Korea Still Open To Talks After Trump Yeets from Summit
23,2 Men Detonate Bomb Inside Indian Restaurant Near Toronto  Authorities Say,2 Dudes Detonate Bomb Inside Indian Restaurant Near Toronto  Authorities Say
24,Thousands Travel Home To Ireland To Vote On Abortion Access,Thousands of Irish people travel home to vote on abortion access.
25,Irish Voters Set To Liberalize Abortion Laws In Landslide  Exit Poll Signals,Irish Voters Set To Liberalize Abortion Laws In Landslide  Exit Poll Signals
26,Warriors Coach Steve Kerr Calls NFL Ban On Protests 'Fake Patriotism',Warriors Coach Steve Kerr Calls NFL Ban On Protests 'Bogus Patriotism'
27,In Historic Victory  Barbados Elects First Female Prime Minister, In Historic Victory Barbados Elects First Female Prime Minister
28,Police Killed At Least 378 Black Americans From The Moment Colin Kaepernick Protested,Police Killed At Least 378 Black Americans Since Colin Kaepernick's Protest
29,Jack Johnson Was Pardoned  But Taboo Sex Is Still Being Criminalized,Jack Johnson Was Pardoned But Taboo Sex Is Still Being Criminalized
30,BET Chairman and CEO Debra Lee Is Stepping Down,BET Chairman and CEO Debra Lee Is Bailing
31,Rachel Dolezal Faces Felony Charges For Welfare Fraud,Rachel Dolezal is in some hot water for allegedly committing welfare fraud.
32,Bishop Michael Curry Joins Christian March To White House To 'Reclaim Jesus', Bishop Michael Curry joins the Christian March to the White House to 'Reclaim Jesus'
33,Kanye West Spent $85 000 On Photo Of Whitney Houston's Bathroom For Album Cover,Kanye West Spent $85 000 On Photo Of Whitney Houston's Bathroom For Album Cover and People Are Losing Their Minds
34,Morgan Freeman Dropped From Marketing Campaigns After Harassment Accusations,Morgan Freeman got the boot from marketing campaigns after harassment accusations
35,How The Chinese Exclusion Act Can Help Us Understand Immigration Politics Today,The Chinese Exclusion Act is some old news that can help us understand immigration politics today.
36,Trump's New 'MAGA'-Themed Swimwear Sinks On Twitter,Trump's New 'MAGA'-Themed Swimwear is a Flop
37,Seth Meyers Has 1 Funny Regret After Trump Cancels North Korea Summit,Seth Meyers Has 1 Funny Regret After Trump Cancels North Korea Summit
38,Colbert Wants To Turn NYC Subway Rides Into A New And Terrible Punishment,Colbert's tryna turn NYC subway rides into a new and terrible punishment.
39,Man Faces Charges After Pulling Knife  Stun Gun On Muslim Students At McDonald's,Man Facing Charges After He Pulled a Knife and Stun Gun on Muslim Students At McDonald's
40,Jimmy Kimmel Knows Why Iran's Supreme Leader Watches 'Tom And Jerry',Jimmy Kimmel knows why Iran's Supreme Leader is all about that 'Tom And Jerry' life
41,2 People Injured In Indiana School Shooting,2 People Injured In Indiana School Shooting
42,People Are Rattled By How Much This Nigerian Man Looks Like Chadwick Boseman,This Nigerian Dude Looks Just Like Chadwick Boseman and People Are Losing Their Minds
43,David Cross Proves Yet Again That He 2019s Terrible At Apologizing,David Cross Proves Yet Again That He's a Garbage Apologizer
44,'Sesame Street' Creators Sue Makers Of Upcoming Adult-Themed Puppet Film,Sesame Street' Creators Sue Makers Of Upcoming Puppet Porno
45,What You Missed About The Saddest Death In 'Avengers: Infinity War',What You Missed About The Saddest Death In 'Avengers: Infinity War'
46,George Takei Accuser Walks Back Story Of Drugging And Sexual Assault,George Takei's accuser takes back story of roofie and sexual assault
47,Samantha Bee's Parents Think America Is Basically A War Zone, Samantha Bee's Parents Think America Is Basically Pew Pew and Boom Boom
48,Pete Davidson Says His Mental Illness Doesn't Ruin Romance,Pete Davidson Says His Mental Illness Ain't No Dealbreaker
49,James Corden And Adam Levine Get Pulled Over During 'Carpool Karaoke',James Corden And Adam Levine Get Busted During 'Carpool Karaoke'
50,Emilia Clarke Dishes On Her Final 'Game Of Thrones' Scene,"Emilia Clarke was like ""omg you won't believe my last 'Game of Thrones' scene!"""
51,Hollywood Doesn't Need 'Difficult' Men To Make Great TV,Hollywood doesn't need no stinkin' difficult men to make great TV.
52,Harvey Weinstein Accusers Say They Never Thought He Would Be Arrested,Harvey Weinstein Accusers Say They Never Thought He Would Get Busted
53,Harvey Weinstein Turns Himself In To Police For Alleged Sex Crimes,Harvey Weinstein Turns Himself In To Police For Alleged Sexual Assault
54,John Mayer's Weird New Low-Budget Video Is A Meme-Worthy Masterpiece,John Mayer's Weird New Low-Budget Video Is A Meme-Worthy Banger
55,Now Boba Fett Is Getting His Own 'Star Wars' Movie,"Boba Fett's gettin' his own movie, yo!"
56,Trump Suggests North Korea Summit Could Still Happen,"Trump's like ""maybe the North Korea summit could still happen"""
57,Roger Stone Pressed For Damaging Emails About Hillary Clinton From WikiLeaks: Report,Roger Stone Pressed For Damaging Emails About Hillary Clinton From WikiLeaks: Dump
58,Publix Suspends Contributions To NRA-Backed Politician Amid Protests,Publix Suspends Contributions To NRA-Backed Politician Amid Protests
59,Twitter Bots May Have Delivered Donald Trump's Victory  Research Paper Says,Twitter Bots May Have Delivered Donald Trump's Victory  Research Paper Says
60,A Bag Of Wet Socks Is Apparently Living In The White House Press Briefing Room,The White House Press Briefing Room is a total shitshow.
61,A Member Of The Far-Right Proud Boys Menaced A Twitter User On His Doorstep,A Proud Boy went to some guy's house who was talking shit on Twitter.
62,All The Things The NRA Has Blamed For The Texas School Shooting,All The Things The NRA Has Laid The Blame On For The Texas School Shooting
63,Here's What Happens When A Catholic Hospital Won't Try To Save You,Here's What Happens When A Catholic Hospital Won't Try To Save You
64,Trump's New Executive Orders Make It Easier To Fire Federal Workers,Trump's New Executive Orders Make It Easier To Can Federal Workers
65,Monsanto And Bayer Are Set To Merge. Here's Why You Should Care.,Monsanto And Bayer Are Set To Merge. Here's Why This Shit Matters To You.
66,The Joy Of Watching Harvey Weinstein 2019s Perp Walk,The Schadenfreude of Watching Harvey Weinstein 2019s Perp Walk
67,The 20 Funniest Tweets From Women This Week,The 20 Funniest Tweets From Women This Week
68,'Queer Eye' Star Bobby Berk Gave Me A Desk Makeover -- And It Was Incredible,Queer Eye' Star Bobby Berk Gave Me A Desk Makeover -- And It Was Sick
69,Older Gay Men Try Out 'New Gay' Slang In This Hilarious Video,Older Gay Men Try Out 'New Gay' Slang In This Hilarious Video
70,How 'RuPaul 2019s Drag Race' Is Teaching Straight People About Queer Culture,How 'RuPaul 2019s Drag Race' Is Schooling Straight People About Queer Culture
71,Fish Market Buys Freedom For Fred The 70-Pound Octopus,Some Fish Market just bought freedom for this 70-pound octopus named Fred.
72,North Korea Threatens Again To Call Off Trump Summit  Warns Of  2018Nuclear Showdown 2019,North Korea Threatens Again To Call Off Trump Summit  Warns Of  2018Nuclear Showdown 2019
73,Investigation Finds Russian Missile Shot Down Flight MH17,The investigation found that a Russian missile shot down flight MH17.
74,North Korea Demolishes Tunnels At Nuclear Test Site  Reports Say,"North Korea Demolishes Tunnels At Nuclear Test Site, Y'all"
75,How Kim Jong Un  2018Baited 2019 Trump Into Canceling The North Korea Summit,How Kim Jong Un played Trump like a fiddle and got the summit canceled
76,Michelle Obama Reveals Cover For Upcoming Memoir 'Becoming',"Michelle Obama's upcoming memoir, 'Becoming', is about to drop."
77,'Late Night' Writer's Breathless Royal Wedding Recap Is The Only One You Need,Late Night' Writer's Royal Wedding Recap Is The Only One You Need
78,Morgan Freeman Accused Of Inappropriate Behavior And Sexual Harassment,Morgan Freeman's been accused of being a perv.
79,Jets Chairman Christopher Johnson Won't Fine Players For Anthem Protests,Jets Chairman Christopher Johnson Ain't Gonna Fine Players For Anthem Protests
80,Andy Cohen And Taylor Swift Are Over Their Katy Perry Drama,Andy Cohen and Taylor Swift have squashed their beef with Katy Perry.
81,'Infinity War' Writers Try To Clear Up Marvel's Problematic Timeline,Infinity War' Writers Try To Clear Up Marvel's Wack Timeline
82,David Blaine Chews Glass And Lets James Corden Puncture His Cheek,David Blaine chomps on some glass and lets James Corden put a hole in his cheek
83,Amy Poehler: A 'Parks And Recreation' Revival Would Be 'Amazing',Amy Poehler: A 'Parks And Recreation' Revival Would Be 'Lit'
84,Colbert Exposes The 00a0Biggest Flaw In Trump 2019s Latest Conspiracy Theory,Colbert Exposes The Biggest Flaw In Trump's Latest Conspiracy Theory
85,Seth Meyers Gives Donald Trump Some Valuable Marketing Advice,Seth Meyers Gives Donald Trump Some Marketing Tips
86,U.S. Launches Auto Import Probe  China Vows To Defend Its Interests,U.S. Launches Auto Import Probe  China Vows To Defend Its Interests
87,This Women Pulled Out All The Stops To Land Her Dream Job,This chick went all out to land her dream job.
88,Wife Asked Husband For Fenty Highlighter And Got a Pack Of Highlighters  Hairbrush, Wife Asked Husband For Fenty Highlighter And Got a Pack Of Highlighters  Hairbrush
89,Trump Roasted For Rushing To Defend Tomi Lahren While Ignoring Real Victims,Trump Roasted For Rushing To Defend Tomi Lahren While Ignoring Real Victims
90,Trump Abruptly Cancels North Korea Summit With Kim Jong Un,Trump just straight up canceled the North Korea summit with Kim Jong Un.
91,Devin Nunes-Linked Winery Faced Suit Over Alleged Coke And Prostitute Yacht Party,Devin Nunes-Linked Winery Faced Suit Over Alleged Coke And Hooker Yacht Party
92,Immigrant Children Accuse Border Patrol Of Abuse And Neglect  Report Shows,Immigrant Children Accuse Border Patrol Of Abuse And Neglect  Report Shows
93,Ireland's Historic Vote On Legalizing Abortion Is Haunted By Trump And Brexit,Ireland's Historic Vote On Legalizing Abortion Is Haunted By Trump And Brexit
94,Trump Lawyer Attended DOJ Meeting On Confidential FBI Informant,Trump Lawyer Attended DOJ Meeting On Confidential FBI Snitch
95,Senate Advances Court Pick Who Said Planned Parenthood 'Kills Over 150 000 Females A Year 2019,Senate Advances Court Pick Who Said Planned Parenthood 'Kills Over 150 000 Females A Year
96,Rudy Giuliani: Trump Won't Interview With Mueller Until We Get  2018Spygate 2019 Report,Rudy Giuliani: Trump Ain't Talkin' to Mueller Until We Get  2018Spygate 2019 Report
97,Kentucky Attorney Running For Judge Dies 1 Day After Primary Win,Kentucky Attorney Running For Judge Dies 1 Day After Primary Win
98,Chrissy Teigen Taunts Donald Trump Over Twitter Blocking Ruling,Chrissy Teigen Taunts Donald Trump Over Twitter Blocking Ruling
99,The Koch Network Is Going After One Of Trump 2019s Favorite Congressmen,The Koch Network Is Going After One Of Trump's 2019 faves
100,Trump Posthumously Pardons Boxer Jack Johnson,Trump Posthumously Pardons Boxer Jack Johnson
101,Ellen Tears Up When Ashton Kutcher Donates $4 Million To Her Wildlife Fund,Ellen balled when Ashton Kutcher gave her $4 million for her wildlife fund.
102,Ariana Grande Reveals Bee Tattoo In Honor Of The Manchester Attack,Ariana Grande Reveals Bee Tattoo In Honor Of The Manchester Bombing
103,Kim Kardashian Wished Kanye West A Happy Anniversary And  Fine  It's Pretty Cute,Kim Kardashian Wished Kanye West A Happy Anniversary And  Fine  It's Pretty Darn Cute
104,Chris Hemsworth Dances 'Wrecking Ball' With His Kids In The Living Room,Chris Hemsworth Dances 'Wrecking Ball' With His Kids In The Living Room
105,Moses Farrow Defends Woody Allen And Accuses Mia Farrow Of Abuse,Moses Farrow be defendin' Woody Allen and shit.
106,Gwyneth Paltrow Says Brad Pitt Threatened To Kill Harvey Weinstein,Gwyneth Paltrow Says Brad Pitt Threatened To Murder Harvey Weinstein
107,Stephen King Reveals Why Donald Trump Blocked Him On Twitter,Stephen King Reveals Why Donald Trump Blocked Him On Twitter  
108,Fans Back Jessica Walter After She Addressed Verbal Harassment By Jeffrey Tambor,Fans Got Jessica Walter's Back After She Addressed Verbal Harassment By Jeffrey Tambor
109,Jessica Walter Discusses Jeffrey Tambor's Alleged Harassment While Male Co-Stars Brush It Off, Output:  Jessica Walter Discusses Jeffrey Tambor's Alleged Harassment While Male Co-Stars Ain't Sayin' Shit
110,Harvey Weinstein Expected To Turn Himself In To The NYPD For Sex Crimes,Harvey Weinstein 'bout to turn himself in to the NYPD for sex crimes
111,Samantha Bee Torches ICE: 'Let's Shut It The F**k Down',Samantha Bee Torches ICE: 'Let's Shut It The F**k Down'
112,Scott Pruitt Twice Introduced Anti-Abortion Bills Giving Men  2018Property Rights 2019 Over Fetuses,Scott Pruitt Twice Introduced Anti-Abortion Bills Giving Men  2018Dibs 2019 Over Fetuses
113,Twitter Critics Mercilessly Mock Trump For Canceling Summit With Kim,Twitter Critics Roast Trump For Canceling Summit With Kim
114,Civil Rights Groups Rip Senate Bill Revising Its Own Sexual Harassment Policy,Civil Rights Groups Drag Senate Bill Revising Its Own Sexual Harassment Policy
115,Alabama Sues To Exclude Undocumented Immigrants From Census Count,Alabama Sues To Keep Illegals Out of the Census
116,Cynthia Nixon Vows To Keep Fighting After (Predictably) Losing Party Endorsement,Cynthia Nixon Vows To Keep Fighting After (Predictably) Losing Party Endorsement
117,White House Officials Reportedly Considered Just 'Ignoring' New Climate Research,White House Officials Reportedly Considered Just 'Pretending' New Climate Research Didn't Exist
118,Read Trump's Letter To Kim Jong Un Canceling North Korea Summit,Trump's Letter To Kim Jong Un Canceling North Korea Summit
119,South Korea Responds To Trump's Sudden Cancellation Of Kim Jong Un Summit,"South Korea be like ""WTF Trump?"" after he abruptly cancels Kim Jong Un summit"
120,Facebook's New Ad Rules Prove It's Basically In Charge Of Regulating Elections Now,Facebook's new ad rules show that they're basically the ones in charge of regulating elections now.
121,Border Agent Fatally Shoots Migrant Woman In Texas,Border Agent Pops a Cap in Migrant Woman In Texas
122,Trump Opens Door For U.S. Gun Industry To Sell More Firearms Abroad,Trump just gave the green light for the U.S. gun industry to start selling more firearms overseas.
123,'Stormy Daniels Day' Declared In West Hollywood As Adult Star Gets Key To City,Stormy Daniels Day' Declared In West Hollywood As Adult Star Gets Key To City
124,You're Going To Use That Self-Checkout Machine Whether You Like It Or Not,You're Going To Use That Self-Checkout Machine Whether You Like It Or Not
125,14 Ways To Make Family Road Trips Easier  From Parents Who've Been There,14 Ways To Make Family Road Trips Easier  From Parents Who've Been There
126,Jake Tapper Shreds Donald Trump With A Long List Of His Conspiracy Theories,"Jake Tapper just went in on Donald Trump, listing all his crazy conspiracy theories."
127,New York Daily News Rips NFL Over Anthem Kneeling Ban,New York Daily News is giving the NFL the business over their new anthem kneeling ban
128,A Judge Ruled One Immigrant Had A Right To A Hearing. What About All The Others?,A Judge Ruled One Immigrant Had A Right To A Hearing. What About All The Others?
129,House Democrats Offer Internships For Students Affected By Gun Violence,House Democrats Offer Internships For Students Who Been Through Gun Violence
130,Tig Notaro Tells Ellen DeGeneres About Her Sons' Passion For Trash,Tig Notaro tells Ellen DeGeneres about her sons' passion for garbage.
131,Stormy Daniels Thanks  2018Wonderful Gay Dads 2019 As West Hollywood Hands Her Keys To City,Stormy Daniels Thanks 2018Wonderful Gay Dads 2019 As West Hollywood Hands Her Keys To City
132,Can You Believe? Queer Eye Season 2 Drops Next Month,Can You Believe? Queer Eye Season 2 Drops Next Month
133,Gay Man Denied Marriage License By Kim Davis Loses Bid To Unseat Her, Output:  No Homo Man Denied Marriage License By Kim Davis Loses Bid To Unseat Her
134,Anna Kournikova Dancing With Her Bouncing Baby Is The Cutest Thing,Anna Kournikova Dancing With Her Bouncing Baby Is The Cutest Thing
135,Trump Says NFL Players Unwilling To Stand For Anthem Maybe 'Shouldn't Be In The Country',Trump Says NFL Players Who Ain't Willing To Stand For Anthem Maybe 'Should Hit The Road'
136,Facebook Accused Of Reading Texts And Accessing Microphones In Lawsuit,"Facebook's up to no good again, according to this new lawsuit."
137,Self-Driving Uber In Fatal Accident Had 6 Seconds To React Before Crash,Self-Driving Uber In Fatal Accident Had 6 Seconds To React Before Crash
138,Amazon Admits Alexa Device Eavesdropped On Portland Family,Amazon Admits Alexa Device Spied On Portland Family
139,Man Discovers Handgun Impaled In Front Bumper Of Car,Man Discovers Handgun In Front Bumper Of Car
140,Rescue Cat Has Hilarious Wide-Eyed Expression After Scan Confirms She Is Pregnant,Rescue Cat Has Hilarious Wide-Eyed Expression After Scan Confirms She's Knocked Up
141,Weirdest Promposals Of 2018 Include Teen Who Faked His Own Birth,Weirdest Promposals Of 2018 Include Teen Who Faked His Own Birth
142,Trump And The American Far Right Stoke Hate In Canada,Trump And The American Alt-Right Stoke Hate In Canada
143,Far-Right And Anti-Establishment Parties Set To Form Italy's New Government,The Fash and the 'Pestablishment' Parties are teaming up to form Italy's new gov't.
144,Sarah Silverman Sees No Reason Why Louis C.K. Can't Continue Being An Artist,"Sarah Silverman is all like ""Why can't Louis C.K. just be an artist?"""
145,Southern Baptist Leader Who Said Abused Women Should Just Pray Is Removed From Post,Southern Baptist Leader Who Said Abused Women Should Just Pray Is Removed From Post
146,More Americans Than Ever Support Same-Sex Marriage,More Americans Than Ever Support Gay Marriage
147,Brynn Cartelli Becomes Youngest-Ever Winner Of 'The Voice',Brynn Cartelli is the Youngest-Ever Winner Of 'The Voice'
148,Betsy DeVos Stirs Uproar By Saying Schools Can Call ICE On Undocumented Kids,Betsy DeVos Stirs the Pot By Saying Schools Can Call ICE On Undocumented Kids
149,6 Sandy Hook Families  FBI Agent Sue Alex Jones For Defamation,6 Sandy Hook Families  FBI Agent Sue Alex Jones For Spreading Fake News
150,High School Teacher Defeats Kentucky House Majority Leader In GOP Primary,High School Teacher Schooled Kentucky House Majority Leader In GOP Primary
151,Lupe Valdez Makes History In Texas By Winning Democratic Nod For Governor,Lupe Valdez Makes History In Texas By Winning Democratic Nod For Governor
152,Report: Michael Cohen's Business Partner Cooperating With Prosecutors,Report: Michael Cohen's Business Partner Spilling the Tea to Prosecutors
153,Brandi Chastain Totally Agrees Her Hall Of Fame Plaque Looks Nothing Like Her,Brandi Chastain is shook that her Hall of Fame plaque looks nothin' like her
154,Scientists Turn To DNA Technology To Search For Loch Ness Monster,Scientists Turn To DNA Technology To Search For Nessie
155,'Late Night' Writer Vows To 'Take Red Hats Back' From Trump Supporters,Late Night' Writer Vows To 'Take Red Hats Back' From Trump Supporters
156,Julia Louis-Dreyfus To Receive 2018 Mark Twain Prize for American Humor, Julia Louis-Dreyfus is gettin' the 2018 Mark Twain Prize for American Humor
157,Michelle Obama Shares Intimate Wedding Photo In Tribute To Husband Barack, Michelle Obama Shares a Wedding Photo With Husband Barack
158,Did You Spot Trevor Noah In 'Black Panther'? The 'Daily Show' Host's Stealth Cameo Revealed,Did You Spot Trevor Noah In 'Black Panther'? The 'Daily Show' Host's Cameo Was Sick
159,Donald Glover Fans Execute Stunning Coup On Donald Trump-Themed Reddit Forum,Donald Glover Fans Execute Stunning Coup On Donald Trump-Themed Reddit Forum
160,T.I. Calls For Boycott Of Restaurant After Off-Duty Cop Allegedly Assaults 3 Black Women,T.I. Calls For Boycott Of Restaurant After Off-Duty Cop Allegedly Jumps 3 Black Women
161,Survivor Of Rwandan Genocide To Be Country's First Female Neurosurgeon,Badass Rwandan Genocide Survivor To Be Country's First Female Neurosurgeon
162,Stacey Abrams Wins Democratic Primary For Georgia Governor,Stacey Abrams clinches the Democratic Primary For Georgia Governor
163,Trevor Noah Reveals The Question He 2019d Ask Donald Trump That No Else Has Dared To,Trevor Noah Reveals The Question He Would Ask Donald Trump That No Else Has Dared To
164,Michelle Obama Reflects On  2018Scary 2019 Time At Princeton With Sweet Throwback Snap,Michelle Obama Reflects On  2018 With Sweet Throwback Snap
165, 201813 Reasons Why 2019 Started A Conversation. Who 2019s Responsible For Finishing It?,201813 Reasons Why 2019 Started A Conversation. Who's 2019 responsible For Finishing It?
166,Lourdes Leon Gives Us Major Madonna Vibes In Moody New Ad Campaign Pics,Lourdes Leon is giving us some serious Madonna vibes in her new ad campaign pics.
167,5 Ways Netflix Tricks You Into Watching More Shows And Movies,5 Ways Netflix Tricks You Into Binge Watching More Shows And Movies
168,Brad Pitt Made Ryan Reynolds Do One Demeaning Thing In Exchange For 'Deadpool 2' Cameo,Brad Pitt Made Ryan Reynolds Do One Gross Thing In Exchange For 'Deadpool 2' Cameo
169,Robert De Niro Bans Trump From Every Nobu Restaurant,Robert De Niro just put Trump on blast by banning him from every Nobu restaurant.
170,Ariana Grande Shuts Down Fan Blaming Her For  2018Heartbreaking 2019 Mac Miller Split,Ariana Grande Shuts Down Fan Blaming Her For Mac Miller Split
171,Parents Slam 'Show Dogs' Scenes As Grooming Children For Sexual Abuse,Parents are Pissed about 'Show Dogs' Scenes 'Cause They Sexualize Kids
172,Dave Grohl Wants To Apologize To The World For  2018Massive Jerk 2019 Trump,Dave Grohl Wants To Apologize To The World For  2018Massive Jerk 2019 Trump
173,Emilia Clarke Introduced Herself To Prince William In A Pretty Embarrassing Way,Emilia Clarke Introduced Herself To Prince William In A Pretty Awkward Way
174,Sarah Paulson Takes Impressions To Next Level On 'Tonight Show',Sarah Paulson killed it with her impressions on 'The Tonight Show'
175,The B-52s Are Still Ready To Party. And Be Taken Seriously.,The B-52s Are Still Ready To Party. And Be Taken Seriously.
176,Gina Ortiz Jones Wins Democratic Runoff In Texas Congressional Race,Gina Ortiz Jones takes the W in the Democratic Runoff In Texas Congressional Race
177,Fighter Pilot Amy McGrath Wins Democratic Primary In Kentucky Swing District,Fighter Pilot Amy McGrath Wins Democratic Primary In Kentucky Swing District
178,Trump Rallies Conservatives With Promise Of More Abortion Curbs,Trump Rallies Conservatives With Promise Of More Abortion Curbs
179,The ACLU Is Suing To Strike Down Ohio's Congressional Map,The ACLU Is Suing To Strike Down Ohio's Congressional Map
180,The Latest School Shooting Hasn't Really Stirred The Gun Debate, The Latest School Shooting Ain't Really Shook Things Up Re: The Gun Debate
181,Donald Trump Tweet Rescues 'Roseanne' And Family In Season Finale,Donald Trump Tweet Saves 'Roseanne' And Family In Season Finale
182,Ellen Grills Mark Wahlberg About His Shirtless Instagram Selfies,Ellen Grills Mark Wahlberg About His thirst traps
183,Idris Elba To Star As The New Hunchback Of Notre Dame For Netflix,Idris Elba To Star As The New Hunchback Of Notre Dame For Netflix
184,Maryland Police Charge 3 Church Leaders With Past Abuse Of At-Risk Teen Girls,Maryland Police Charge 3 Church Leaders With Past Abuse Of At-Risk Teen Girls
185,NFL Bans Kneeling During The National Anthem,NFL Bans Kneeling During The National Anthem
186,Conan O'Brien Muscles In On The Royal Wedding With His Own Spoof Ads,Conan O'Brien's tryna crash the Royal Wedding with his own spoof ads.
187,House Republicans Report Progress On An Immigration Deal,House Republicans are makin' some headway on that immigration deal.
188,Democrats Weren't Invited To Review Classified Documents On FBI Informant,The Dems weren't invited to the party when the FBI was reviewing classified documents on their informant.
189,GOP Candidate Who Pointed Gun At Teenager Advances To Georgia Governor Primary Runoff,GOP Candidate Who Pulled A Gun On A Teen Advances To Georgia Governor Primary Runoff
190,Walking Definition Of An Entitled Millennial Swears He's Not An Entitled Millennial,Walking Definition Of An Entitled Millennial Swears He's Not An Entitled Millennial  
191,Democrats Push To Be Included In Classified Briefing On FBI Informant,Democrats tryna crash the FBI informant's meet and greet.
192,Machines Don't Always Steal Our Jobs. Increasingly  They Rob Our Work Of Humanity., Machines Don't Always Steal Our Jobs. Increasingly They Make Our Work Boring As Shit.
193,Trump Praises Tomi Lahren After Restaurant Crowd Tosses Water  Insults,Trump gives mad props to Tomi Lahren after restaurant crowd gives her the ol' water and insults
194,Sarah Sanders: It 'Bothers Me' Being Called A Liar,Sarah Sanders: It 'Bothers Me' Being Called A Liar
195,Trump Blocking People On Twitter Is Unconstitutional  Judge Rules,Trump Blocking People On Twitter Is Unconstitutional  Judge Rules
196,A Mostly Non-Christian Militia Won 2 Of Iraqi Christians' Parliamentary Seats. Now Christians Want Trump To Intervene.,Output:  A Mostly Non-Christian Militia Won 2 Of Iraqi Christians' Parliamentary Seats. Now Christians Want Trump To Get Involved.
197,Tulsi Gabbard's Syria Views Cost Her Support Of Hawaii Teachers Union,Tulsi Gabbard's Syria Views Cost Her Support Of Hawaii Teachers Union
198,Jared Kushner Received His Security Clearance: Reports,Jared Kushner Got His Security Clearance: Reports
199,Arizona GOP Congressional Candidate Compares Abortion To Holocaust,Arizona GOP Congressional Candidate Compares Abortion To Genocide
200,Gun Reform Advocate Lucy McBath Heads To Runoff For Georgia House Seat,Gun Reform Advocate Lucy McBath Heads To Runoff For Georgia House Seat
201,'Star Wars' Burlesque Show Storms West Coast With Sexy Stormtroopers,Star Wars' Burlesque Show Storms West Coast With Sexy Stormtroopers
202,Establishment-Backed Moderate Wins Heated Democratic House Primary In Texas,The Man wins again.
203,Senators Unveil Bill To Crack Down On Their Sexual Harassment,Senators Unveil Bill To Crack Down On Sexual Harassment
204,14 Trips To Take From New York City On A Long Weekend,14 Trips To Take From New York City If You're Ballin' On A Budget
205,Disney Reveals Opening Seasons For 'Star Wars' Theme Park Lands,Disney Reveals Opening Seasons For 'Star Wars' Lands
206,The Latest Entries From The Comedy Wildlife Photo Awards Will Cheer You Up,The Latest Entries From The Comedy Wildlife Photo Awards Will Make You Smile
207,Bad Lip Reading Reveals What Was Really Said At The Royal Wedding,Bad Lip Reading Reveals What Was Really Said At The Royal Wedding
208,Australian Archbishop Convicted Of Covering Up Child Sex Abuse,Australian Archbishop Guilty Of Covering Up Child Sex Abuse
209,Commander Says Iran 2019s People Will Respond To Pompeo's Threats With A Punch In The Mouth,Commander Says Iran 2019s People Will Respond To Pompeo's Threats With A Good Ol' Fashioned Beat Down
210,Mark Zuckerberg Extends Facebook Apology Tour With European Gig,Mark Zuckerberg's Facebook apology tour is making its way to Europe.
211,Ariana Grande Tweets Message Of Support On Manchester Bombing Anniversary,Ariana Grande Tweets Message Of Support On Manchester Bombing Anniversary
212,Katy Perry Says She's 'Not Single' On 'American Idol',Katy Perry Says She's 'Not Single' On 'American Idol'
213,'Before You Call The Cops' On Him  Watch His Powerful Monologue On Racism,Before You Call The Cops' On Him  Watch His Powerful Monologue On Racism
214,Amazon Is Selling Cops Its Facial Recognition Tool. That 2019s A Bad  Potentially Racist Move.,"Output:  Amazon is selling cops its facial recognition tool. That's a bad, potentially racist move."
215,Miley Cyrus Comes In Like A Wrecking Ball To Prank A Sleeping Jimmy Kimmel,Miley Cyrus Comes In Like A Wrecking Ball To Prank A Sleeping Jimmy Kimmel
216,Vanessa Bayer Feared Doing The 'Porn Stars' Skit With Donald Trump On 'SNL',Vanessa Bayer was sketched out about doing the 'Porn Stars' skit with Donald Trump on 'SNL'
217,Adam Rippon Wins 'Dancing With The Stars' Because It Was Destined,"Adam Rippon Wins 'Dancing With The Stars' Because He's A Dancer, Duh"
218,Emilia Clarke Should Never Try To Imitate Chewbacca Ever Again,Emilia Clarke Should Never Try To Imitate Chewbacca Ever Again
219,Maddie Poppe Wins 'American Idol' After Runner-Up Reveals They're Dating, Maddie Poppe takes the W on 'American Idol' after her runner-up reveals they're dating.
220,Colbert Just Can 2019t Resist Turning Trump 2019s Nickname Into A Pee Tape Joke,Colbert just can't help but turn Trump's nickname into a pee tape joke.
221,Seth Meyers Is Forced To Tweak Donald Trump's Latest Twitter Rant For Time,Seth Meyers Is Forced To Translate Donald Trump's Latest Twitter Rant For The Normies
222,Boy Says Teacher Told Him It Will Be His Fault When Police Shoot Him At Age 16,Boy Says Teacher Told Him It Will Be His Fault When The Fuzz Pop a Cap In His Ass At Age 16
223,Cops Accused Of Racism After Detaining Black Man Over 'Vegetation',Cops be gettin' accused of racism after they detain some black dude over 'vegetation.'
224,White Cop Shouts At Black Suspect: 'Pretend Like We're Going To Shoot You',White Cop Shouts At Black Suspect: 'Pretend Like We're Gonna Shoot You'
225,Florida Police Report 2 Dead After Standoff At Panama City Apartment Complex,Florida Police Report 2 Dead After Standoff At Panama City Apartment Complex
226,Donald Glover Is On Board With Lando Calrissian's Pansexuality In 'Solo',Donald Glover is all for Lando Calrissian's pansexuality in 'Solo.'
227,Charlize Theron To Play Megyn Kelly In Film About Roger Ailes,Charlize Theron To Play Megyn Kelly In Film About Roger Ailes
228,Shoppers Boycott Publix Over Store's Donations To NRA-Backed Candidate,Shoppers giving Publix the cold shoulder cuz they giving money to an NRA-backed candidate.
229,Bill De Blasio Tells NYPD To Stop Arresting People For Smoking Pot On The Street,Bill De Blasio Told NYPD To Stop Jailing People For Smoking Pot On The Street
230,DHS Head Says She 2019s Still  Somehow  Unaware Of Intel On Russia Interference To Boost Trump,DHS Head Says She's Still Clueless About Russia Interference To Boost Trump
231,Lawmaker Introduces Crowdfunding Bill To Pay For Trump's Border Wall,Some lawmaker's tryin' to get the people to pay for Trump's wall.
232,GOP Lawmakers Will Soon Be Allowed To Review Classified Info On Russia Investigation,GOP Lawmakers Will Soon Be Allowed To Review Classified Info On Russia Investigation
233,James Corden Reveals The Worst Part Of The Royal Wedding Ceremony,James Corden Reveals The Most Lame Part Of The Royal Wedding
234,Ariana Grande Reportedly Dating 'SNL' Star Pete Davidson,Ariana Grande Reportedly Dating 'SNL' Star Pete Davidson
235,Jim Carrey Pens New Pledge Of Allegiance For Students In Bullet-Riddled Schools,Jim Carrey Writes a New Pledge Of Allegiance For Students In Bullet-Riddled Schools
236,Ellen Gets David Spade To Open Up About Dating Younger Women,Ellen gets David Spade to dish about dating younger women.
237,Ceasefire Over? Jimmy Kimmel Shreds Sean Hannity And  2018Those Dummies On Fox & Friends 2019,"WTF, Sean Hannity and them idiots on Fox & Friends just got owned by Jimmy Kimmel!"
238,Spoof Royal Wedding Video Sees Ceremony Taking A Very Different Turn,This spoof Royal Wedding video sees the ceremony taking a very different turn.
239,The Georgia GOP Governor's Primary Focuses On Guns And Immigration,The Georgia GOP Governor's Primary is All About Guns And Immigration
240,GLAAD's Movie Report Finds Troubling Drop In LGBTQ Representation,GLAAD's Movie Report Finds Troubling Drop In LGBTQ Representation
241,Sephora Now Offers In-Store Beauty Classes For Trans  Nonbinary Community,Sephora Now Offers In-Store Beauty Classes For The Trans  Nonbinary Community
242,Georgia Governor 2019s Primary Highlights Competing Visions For The Democratic Party,Georgia Governor 2019s Primary Highlights Competing Visions For The Democratic Party
243,California Moves To Let Schools  Co-workers 'Red Flag' Dangerous Gun Owners,California's tryna let schools and work buddies 'red flag' dangerous gun owners.
244,Talking Grievance And Health Care  An Outsider Kentucky Dem Found The Inside Track,Talking Grievance And Health Care  An Outsider Kentucky Dem Found The Way In
245,There Are Some Problems With This Commemorative Trump-Kim Jong Un Coin,This Commemorative Trump-Kim Jong Un Coin Is Wack
246,Giuliani 2019s New Stance On Russian Collusion: So What? It 2019s Not Illegal.,Output:  Giuliani's new stance on Russian collusion: So what? It's not illegal.
247,The Onion Hilariously Trolls Michael Cohen With His Own Cease-And-Desist Note, The Onion Trolled Michael Cohen With His Own Cease-And-Desist Note
248,Democrats Want To Boost School Funding To Address Teacher Walkouts,Democrats Want To Boost School Funding To Address Teacher Walkouts
249,But Her Emails? Lawmakers Shrug Off Trump 2019s Lax Cellphone Security,But Her Emails? Lawmakers Shrug Off Trump 2019s Lax Cellphone Security
250,We Try Stink Bug-Flavored Jelly Bellys So You Don't Have To,We Try Stink Bug-Flavored Jelly Bellys So Y'all Don't Have To
251,Power Outage Triggers 'Extreme Zombie Activity' Alert In Florida City,Power Outage Triggers 'Extreme Zombie Activity' Alert In Florida City
252,Congress Does Wall Street A Favor As Banks Post Record Profits, Congress Does Wall Street A Solid As Banks Post Record Profits
253,White House Sinkhole Probably Metaphor For Something,The White House sinkhole is probably a metaphor for something.
254,Reporter Shoved  Others Barred From EPA Meeting On Water Contaminants,Reporter Shoved  Others Barred From EPA Meeting On Water Contaminants
255,Garry Kasparov: Donald Trump Has More Russian Connections Than Aeroflot,Garry Kasparov: Donald Trump Has More Russian Connections Than the Mob
256,Lonely Planet's Top European Destinations Of 2018 Take Aim At Overtourism,Lonely Planet's Top European Destinations Of 2018 Take Aim At Overtourism
257,Attorney Aaron Schlossberg Insists Anti-Spanish Rant 'Is Not The Person I Am',"Attorney Aaron Schlossberg is trying to play it off like that anti-Spanish rant was just a one-time thing and ""is not the person I am"""
258,'60 Minutes' Reporter Reveals Trump's Chilling Reason For Slamming The Press,60 Minutes' Reporter Spills the Tea on Trump's Chilling Reason For Slamming The Press
259,Trump Reportedly Rejects Phone Security Measures As 'Too Inconvenient',Trump Reportedly Rejects Phone Security Measures As 'Too Annoying'
260,Federal Court Sides With Transgender Teen Gavin Grimm In Bathroom Fight,"The Feds just sided with that transgender teen, Gavin Grimm, in his bathroom fight."
261,Ex-Trump Adviser Calls President's Claims That Informant Spied On Campaign 'Embarrassing',Ex-Trump Adviser Calls President's Claims That Informant Spied On Campaign 'Cringey'
262,Vietnam Is A Test For What Happens When The U.S. Abandons Climate Diplomacy,Vietnam Is A Test For What Happens When The U.S. Gives Up On Climate Diplomacy
263,Just One-Third Of Americans Think Trump Is Successfully Draining The Swamp,Just a Third Of Americans Think Trump Is Draining The Swamp Successfully
264,MSNBC Host Hugh Hewitt Suggests 'Trench Coat' Control  Not Gun Control,MSNBC Host Hugh Hewitt Suggests 'Trench Coat' Control  Not Gun Control
265,Bishop Michael Curry: Harry And Meghan's Love Brought Different Worlds Together,Bishop Michael Curry: Harry And Meghan's Love Brought Different Worlds Together
266,Sarah Paulson Is Unapologetic About 32-Year Age Gap With Girlfriend Holland Taylor,Sarah Paulson Ain't Sorry 'Bout the 32-Year Age Gap With Girlfriend Holland Taylor
267,Texans On Both Sides Of Gun Debate Agree On Safe Storage  But Not On How To Support It,Texans On Both Sides Of Gun Debate Agree On Safe Storage  But Not On How To Support It
268,Family Of Gay Man Found Critically Injured Near Amtrak Route Wants Answers,Family Of Gay Man Found Critically Injured Near Amtrak Route Wants Answers
269,Caitlyn Jenner: Trump Is The 'Worst President We Have Ever Had' On LGBTQ Rights,Caitlyn Jenner: Trump Is The 'Worst President We Have Ever Had' On LGBTQ Rights
270,Boy Scout Allegedly Booted From Store Because Company Won't 'Support Homos',Boy Scout allegedly got 86'd from store because company won't 'support da gays'
271,Instagram Is Adding A 'Mute' Button For The Sake Of Your Sanity,Instagram Is Adding A 'Mute' Button So You Don't Go Insane
272,Publix Censors Teen's 'Summa Cum Laude' Graduation Cake,Publix Censors Teen's 'Summa Cum Laude' Graduation Cake
273,What Do You Say To Sexist Passengers? This Female Pilot Has The Perfect Response.,What Do You Say To Sexist Passengers? This Female Pilot Has The Perfect Clapback.
274,Time's Up Takes Aim At McDonald's  Walmart Over Sexual Harassment Complaints,Time's Up is coming for McDonald's and Walmart over sexual harassment complaints
275,Venezuela's Socialist Leader Nicolas Maduro Re-Elected Amid Allegations Of Irregularities,Venezuela's Socialist Leader Nicolas Maduro Re-Elected Despite Some shady Business
276,Iran Says Europe's Support For Nuclear Deal Isn't Enough After America's Withdrawal,Iran be like Europe's support for the nuclear deal ain't cuttin' it after America pulled out.
277,Far-Right Mob Attacks 75-Year-Old Liberal Greek Mayor,Far-Right Mob Attacks 75-Year-Old Liberal Greek Mayor  
278,Shawn Mendes And Khalid Perform With Parkland Survivors At Billboard Music Awards,Shawn Mendes And Khalid Perform With Parkland Survivors At Billboard Music Awards
279,Tamir Rice's Mother Is Opening A Youth Center To Honor Her Son's Memory,Tamir Rice's Mother Is Opening A Youth Center In His Honor
280,Judge Orders Texas To Make Voter Registration Easier When Updating DMV Info,Judge Orders Texas To Make Voter Registration Less of a Pain In the Ass When Updating DMV Info
281,Kelly Clarkson Calls For 'Moments Of Action' In Honor Of Texas Shooting Victims At Billboard Awards,Kelly Clarkson Calls For 'Moments Of Action' In Honor Of Texas Shooting Victims At Billboard Awards
282,Kendrick Lamar Stops White Fan Rapping N-Word Onstage,Kendrick Lamar Stops White Fan Rapping N-Word Onstage
283,Gay Man Says Pope Francis Told Him   2018God Made You Like That And Loves You Like That',Gay Man Says Pope Francis Told Him 'God Made You Like That And Loves You Like That'
284,Unusual Asteroid Could Be An Interstellar Guest To Our Solar System,This weird asteroid might be from another solar system!
285,She Started A Suicide Prevention Site At Age 15. It's Still Going Strong.,She started a suicide prevention site when she was 15 and it's still going strong.
286,Roger Stone Says He's 'Prepared' For 'Conjured Up' Mueller Indictment,Roger Stone Says He's 'Prepared' For 'Conjured Up' Mueller Indictment
287,Hillary Clinton To Endorse Andrew Cuomo's Re-Election,Hillary Clinton To Endorse Andrew Cuomo's Re-Election
288,The Supreme Court Just Made It A Lot Harder For You To Sue Your Employer,The Supreme Court Just Made It A Lot Harder For You To Sue Your Employer
289,Blake Farenthold May Have Been Hired Illegally At His New Lobbyist Job,Blake Farenthold's New Lobbyist Job Might Be Illegal
290,Bill Konigsberg Explores A New Side Of The Gay Experience In His Latest Book,Bill Konigsberg is gettin' real gay in his latest book.
291,'Alone In The Game' Shows Biggest Hurdles For LGBTQ Athletes Exist Off The Field,Alone In The Game' Shows That Being LGBTQ in the Sports World Ain't Easy
292,Chrissy Teigen Somehow Gets Even More Real About Life After Childbirth,Chrissy Teigen Keeps It Real About Life After Childbirth
293,'Suits' Creator Pens Heartfelt Open Letter About Attending Royal Wedding,Suits' Creator Writes a Touching Letter About Seeing the Royal Wedding IRL
294,Here Are The Movies Coming To Netflix This Week,Here Are The Movies Coming To Netflix This Week
295,The Obamas Are Coming To Your Netflix Queue,"The Obamas are comin' to Netflix, fam."
296,Sorry  Ben Affleck  Make Way For Justin Theroux's Giant Rat Tattoo,"Sorry Ben Affleck, Justin Theroux's Giant Rat Tattoo is Taking Over"
297,Hillary Clinton Tips A Russian Hat At Trump During Yale Commencement Speech,Hillary Clinton Shady AF During Yale Commencement Speech
298,Giuliani Says Mueller Can't Talk To Trump Until Trump Hears More About FBI Source,Giuliani Says Mueller Can't Talk To Trump Until Trump Hears More About FBI Source
299,Democrats Plan Big Anti-Corruption Theme For Midterms,Dems got some big plans to fight corruption for the midterms.
300,Kelly Clarkson Rejects 'Moment Of Silence ' Calls For Change At Billboard Music Awards,Kelly Clarkson Rejects 'Moment Of Silence ' Calls For Change At Billboard Music Awards
301,We Asked The American Public To Settle 5 Of The Internet's Dumbest Debates,We Asked The American Public To Settle 5 Of The Internet's Most Pointless Arguments
302,Fox News Viewers Really Don 2019t Like Lifelong Republican Robert Mueller,Fox News Viewers Really Don't Like Robert Mueller
303,Trump Team Moves To Lift Ban On 'Extreme' Hunting Tactics In Alaska,Trump Team Moves To Lift Ban On 'Extreme' Hunting Tactics In Alaska
304,Howard Stern Tells How Trump Sexualized Ivanka And Makes David Letterman Cringe,Howard Stern Spills the Tea on How Trump Sexualized Ivanka and Makes David Letterman Cringe
305,The Supreme Court Is Helping Companies Get Away With Sexual Harassment,The Supreme Court is enabling companies to get away with sexual harassment.
306,'Deadpool 2' Steals No. 1 Spot At The Box Office From 'Avengers: Infinity War',Deadpool 2' swoops in and takes the No. 1 spot at the box office from 'Avengers: Infinity War'