,Prompt,Resp,Score,,,,
0,There Were 2 Mass Shootings In Texas Last Week  But Only 1 On TV," There were 2 mass shootings in Texas last week, but only 1 made it to the news.",0,0,152,49.51%,
1,Will Smith Joins Diplo And Nicky Jam For The 2018 World Cup's Official Song, Will Smith joins Diplo and Nicky Jam for the 2018 World Cup's official song.,0,1,112,36.48%,72.26%
2,Hugh Grant Marries For The First Time At Age 57, Hugh Grant finally gets hitched at 57.,3,2,19,6.19%,12.26%
3,Jim Carrey Blasts 'Castrato' Adam Schiff And Democrats In New Artwork," Jim Carrey Blasts 'Castrato' Adam Schiff And Democrats In New Artwork  Jim Carrey is not happy with the Democrats, and he's made that very clear in his latest piece of artwork. The actor and artist took to Twitter to share a drawing of Democratic Congressman Adam Schiff, calling him a ""castrato"" and blasting the party as a whole.  ""Hey @AdamSchiff, you spineless weasel! You've been exposed and your true",1,3,24,7.82%,15.48%
4,Julianna Margulies Uses Donald Trump Poop Bags To Pick Up After Her Dog, Julianna Margulies uses Donald Trump poop bags to pick up after her dog.,0,,307,,
5,Morgan Freeman 'Devastated' That Sexual Harassment Claims Could Undermine Legacy, Morgan Freeman is 'devastated' that sexual harassment claims could undermine his legacy.,0,,,,
6,Donald Trump Is Lovin' New McDonald's Jingle In 'Tonight Show' Bit, Donald Trump is lovin' new McDonald's jingle in 'Tonight Show' bit.,0,,,,
7,What To Watch On Amazon Prime That 2019s New This Week, What's new on Amazon Prime this week?,1,,155,,
8,Mike Myers Reveals He'd 'Like To' Do A Fourth Austin Powers Film, Mike Myers says he's down for another Austin Powers movie.,3,,,,
9,What To Watch On Hulu That 2019s New This Week, What's new on Hulu this week?,1,,,,
10,Justin Timberlake Visits Texas School Shooting Victims, Justin Timberlake visits Texas school shooting victims.,0,,,,
11,South Korean President Meets North Korea's Kim Jong Un To Talk Trump Summit, South Korean President Meets North Korea's Kim Jong Un To Talk Trump Summit  South Korean President Meets North Korea's Kim Jong Un To Talk Trump Summit,1,,,,
12,With Its Way Of Life At Risk  This Remote Oyster-Growing Region Called In Robots, This remote oyster-growing region called in robots with its way of life at risk.,1,,,,
13,Trump's Crackdown On Immigrant Parents Puts More Kids In An Already Strained System, Trump's Crackdown On Immigrant Parents Puts More Kids In An Already Strained System  Trump's crackdown on immigrant parents puts more kids in an already strained system.,1,,,,
14,'Trump's Son Should Be Concerned': FBI Obtained Wiretaps Of Putin Ally Who Met With Trump Jr., Trump's son should be concerned: FBI obtained wiretaps of Putin ally who met with Trump Jr.,1,,,,
15,Edward Snowden: There's No One Trump Loves More Than Vladimir Putin, Edward Snowden: Trump loves Putin more than anyone else.,0,,,,
16,Booyah: Obama Photographer Hilariously Trolls Trump's 'Spy' Claim," That's what you get, Trump!",1,,,,
17,Ireland Votes To Repeal Abortion Amendment In Landslide Referendum, Ireland votes to repeal abortion amendment in landslide referendum.,0,,,,
18,Ryan Zinke Looks To Reel Back Some Critics With 'Grand Pivot' To Conservation, Ryan Zinke looks to shut some haters up with 'grand pivot' to conservation.,3,,,,
19,Weird Father's Day Gifts Your Dad Doesn't Know He Wants (But He Does), Weird Father's Day Gifts Your Dad Doesn't Know He Wants (But He Does)  Weird Father's Day Gifts Your Dad Doesn't Know He Wants (But He Does),1,,,,
20,Twitter #PutStarWarsInOtherFilms And It Was Universally Entertaining, Twitter #PutStarWarsInOtherFilms And It Was Universally Entertaining  Twitter #PutStarWarsInOtherFilms And It Was Universally Entertaining,1,,,,
21,Mystery 'Wolf-Like' Animal Reportedly Shot In Montana  Baffles Wildlife Officials, Mystery 'Wolf-Like' Animal Reportedly Shot In Montana Baffles Wildlife Officials  What the heck is this thing?,1,,,,
22,North Korea Still Open To Talks After Trump Cancels Summit, North Korea is still open to talks after Trump cancels the summit.,0,,,,
23,2 Men Detonate Bomb Inside Indian Restaurant Near Toronto  Authorities Say," 2 dudes blew up a bomb inside an Indian restaurant near Toronto, authorities say.",3,,,,
24,Thousands Travel Home To Ireland To Vote On Abortion Access, Thousands travel home to Ireland to vote on abortion access.  Thousands travel home to Ireland to vote on abortion access.,1,,,,
25,Irish Voters Set To Liberalize Abortion Laws In Landslide  Exit Poll Signals, Irish Voters Set To Liberalize Abortion Laws In Landslide  Exit Poll Signals  Irish Voters Set To Liberalize Abortion Laws In Landslide  Exit Poll Signals,1,,,,
26,Warriors Coach Steve Kerr Calls NFL Ban On Protests 'Fake Patriotism', Warriors Coach Steve Kerr Calls NFL Ban On Protests 'Bogus Patriotism',2,,,,
27,In Historic Victory  Barbados Elects First Female Prime Minister," In a historic victory, Barbados has elected its first female Prime Minister.",0,,,,
28,Police Killed At Least 378 Black Americans From The Moment Colin Kaepernick Protested, The police killed at least 378 black Americans since Colin Kaepernick protested.,0,,,,
29,Jack Johnson Was Pardoned  But Taboo Sex Is Still Being Criminalized, Jack Johnson was pardoned but taboo sex is still being criminalized.,0,,,,
30,BET Chairman and CEO Debra Lee Is Stepping Down, BET Chairman and CEO Debra Lee is stepping down.,0,,,,
31,Rachel Dolezal Faces Felony Charges For Welfare Fraud, Rachel Dolezal faces felony charges for welfare fraud.,0,,,,
32,Bishop Michael Curry Joins Christian March To White House To 'Reclaim Jesus', Bishop Michael Curry is joining a Christian march to the White House to 'reclaim Jesus.',0,,,,
33,Kanye West Spent $85 000 On Photo Of Whitney Houston's Bathroom For Album Cover," Kanye West spent $85,000 on a photo of Whitney Houston's bathroom for his album cover.",0,,,,
34,Morgan Freeman Dropped From Marketing Campaigns After Harassment Accusations," After the harassment accusations, Morgan Freeman was nixed from the marketing campaigns.",3,,,,
35,How The Chinese Exclusion Act Can Help Us Understand Immigration Politics Today," How the Chinese Exclusion Act can help us understand immigration politics today:  The Chinese Exclusion Act was a law passed in 1882 that prevented Chinese immigrants from entering the United States. The law was in response to fears that the Chinese were taking jobs away from Americans, and it remained in effect until 1943. Today, the Chinese Exclusion Act is seen as a reminder of the xenophobic and racist attitudes that have often been directed at immigrants in this country. As we debate immigration reform today",1,,,,
36,Trump's New 'MAGA'-Themed Swimwear Sinks On Twitter, Trump's new 'MAGA'-themed swimwear sinks on Twitter.,0,,,,
37,Seth Meyers Has 1 Funny Regret After Trump Cancels North Korea Summit," Seth Meyers has 1 funny regret after Trump cancels North Korea summit.  Dang, Seth Meyers had one funny regret after Trump called off that North Korea summit.",1,,,,
38,Colbert Wants To Turn NYC Subway Rides Into A New And Terrible Punishment, Colbert wants to turn NYC subway rides into a new and terrible punishment.,0,,,,
39,Man Faces Charges After Pulling Knife  Stun Gun On Muslim Students At McDonald's, Man Facing Charges After Pulling Knife on Muslim Students At McDonald's,1,,,,
40,Jimmy Kimmel Knows Why Iran's Supreme Leader Watches 'Tom And Jerry', Jimmy Kimmel knows why Iran's supreme leader watches 'Tom and Jerry'.,0,,,,
41,2 People Injured In Indiana School Shooting, 2 ppl injured in Indiana school shooting,0,,,,
42,People Are Rattled By How Much This Nigerian Man Looks Like Chadwick Boseman, People are shook by how much this Nigerian man looks like Chadwick Boseman.,2,,,,
43,David Cross Proves Yet Again That He 2019s Terrible At Apologizing, David Cross Proves Yet Again That He's Terrible At Apologizing,0,,,,
44,'Sesame Street' Creators Sue Makers Of Upcoming Adult-Themed Puppet Film, Sesame Street creators are suing the makers of an upcoming adult-themed puppet film.,0,,,,
45,What You Missed About The Saddest Death In 'Avengers: Infinity War', What you missed about the saddest death in 'Avengers: Infinity War' is that it was totally unexpected and really hit fans hard.,1,,,,
46,George Takei Accuser Walks Back Story Of Drugging And Sexual Assault, George Takei Accuser Walks Back Story Of Drugging And Sexual Assault  The George Takei accuser who claimed the actor drugged and sexually assaulted him has now walked back his story.,1,,,,
47,Samantha Bee's Parents Think America Is Basically A War Zone, Samantha Bee's Parents Think America Is Basically A War Zone  Samantha Bee's parents think America is a war zone.,1,,,,
48,Pete Davidson Says His Mental Illness Doesn't Ruin Romance, Pete Davidson says his mental illness doesn't ruin romance.,0,,,,
49,James Corden And Adam Levine Get Pulled Over During 'Carpool Karaoke', James Corden and Adam Levine got pulled over during Carpool Karaoke.,0,,,,
50,Emilia Clarke Dishes On Her Final 'Game Of Thrones' Scene, Emilia Clarke Dishes On Her Final 'Game Of Thrones' Scene  Emilia Clarke Dishes On Her Final 'Game Of Thrones' Scene,1,,,,
51,Hollywood Doesn't Need 'Difficult' Men To Make Great TV, Hollywood doesn't need 'difficult' men to make great TV.,0,,,,
52,Harvey Weinstein Accusers Say They Never Thought He Would Be Arrested, Harvey Weinstein accusers say they never thought he would be arrested.,0,,,,
53,Harvey Weinstein Turns Himself In To Police For Alleged Sex Crimes, Harvey Weinstein turns himself in to the police for alleged sex crimes.,0,,,,
54,John Mayer's Weird New Low-Budget Video Is A Meme-Worthy Masterpiece, John Mayer's weird new low-budget video is a meme-worthy masterpiece.,0,,,,
55,Now Boba Fett Is Getting His Own 'Star Wars' Movie, Now Boba Fett is gettin' his own 'Star Wars' movie.,2,,,,
56,Trump Suggests North Korea Summit Could Still Happen, Trump suggests North Korea summit could still happen.,0,,,,
57,Roger Stone Pressed For Damaging Emails About Hillary Clinton From WikiLeaks: Report," Roger Stone Pressed For Damaging Emails About Hillary Clinton From WikiLeaks: Report  Roger Stone is being pressed for damaging emails about Hillary Clinton from WikiLeaks, according to a new report.",1,,,,
58,Publix Suspends Contributions To NRA-Backed Politician Amid Protests, Publix stops giving money to NRA-backed politician because of protests.,0,,,,
59,Twitter Bots May Have Delivered Donald Trump's Victory  Research Paper Says," Twitter Bots May Have Delivered Donald Trump's Victory  Research Paper Says  Twitter bots may have delivered Donald Trump's victory, research paper says.",1,,,,
60,A Bag Of Wet Socks Is Apparently Living In The White House Press Briefing Room, A bag of wet socks is apparently living in the White House Press Briefing Room.,0,,,,
61,A Member Of The Far-Right Proud Boys Menaced A Twitter User On His Doorstep, A Proud Boy menaced a Twitter user on his doorstep.,1,,,,
62,All The Things The NRA Has Blamed For The Texas School Shooting, All the things the NRA has blamed for the Texas school shooting:  1. The media  2. Mental illness  3. Violent video games  4. Lack of school security  5. Bullying  6. Single parenting  7. Divorce  8. Drugs  9. Gangs  10. Poor parenting,1,,,,
63,Here's What Happens When A Catholic Hospital Won't Try To Save You, Here's what happens when a Catholic hospital won't try to save you: you're screwed.,3,,,,
64,Trump's New Executive Orders Make It Easier To Fire Federal Workers, Trump's new executive orders make it easier to fire federal workers.,0,,,,
65,Monsanto And Bayer Are Set To Merge. Here's Why You Should Care., Monsanto and Bayer are set to merge. Here's why you should care.,0,,,,
66,The Joy Of Watching Harvey Weinstein 2019s Perp Walk, The joy of watching Harvey Weinstein's perp walk.,1,,,,
67,The 20 Funniest Tweets From Women This Week, The 20 funniest tweets from chicks this week.,3,,,,
68,'Queer Eye' Star Bobby Berk Gave Me A Desk Makeover -- And It Was Incredible, 'Queer Eye' Star Bobby Berk Gave Me A Desk Makeover -- And It Was Incredible  'Queer Eye' Star Bobby Berk Gave Me A Desk Makeover -- And It Was Awesome,1,,,,
69,Older Gay Men Try Out 'New Gay' Slang In This Hilarious Video, Older gay men try out new gay slang in this hilarious video.,0,,,,
70,How 'RuPaul 2019s Drag Race' Is Teaching Straight People About Queer Culture, How 'RuPaul's Drag Race' is teaching straight people about queer culture.,1,,,,
71,Fish Market Buys Freedom For Fred The 70-Pound Octopus, Fish Market Buys Freedom For Fred The 70-Pound Octopus  The fish market bought freedom for Fred the 70-pound octopus.,1,,,,
72,North Korea Threatens Again To Call Off Trump Summit  Warns Of  2018Nuclear Showdown 2019, North Korea Threatens Again To Call Off Trump Summit  Warns Of  2018Nuclear Showdown 2019  North Korea is threatening to call off the Trump summit and warns of a nuclear showdown in 2018.,1,,,,
73,Investigation Finds Russian Missile Shot Down Flight MH17, The investigation found that the Russian missile shot down flight MH17.,0,,,,
74,North Korea Demolishes Tunnels At Nuclear Test Site  Reports Say," North Korea Demolishes Tunnels At Nuclear Test Site  Reports Say  North Korea Demolishes Tunnels At Nuclear Test Site, Reports Say",1,,,,
75,How Kim Jong Un  2018Baited 2019 Trump Into Canceling The North Korea Summit, How Kim Jong Un  2018Baited 2019 Trump Into Canceling The North Korea Summit  How Kim Jong Un  2018Baited 2019 Trump Into Canceling The North Korea Summit,1,,,,
76,Michelle Obama Reveals Cover For Upcoming Memoir 'Becoming'," Michelle Obama Reveals Cover For Upcoming Memoir 'Becoming'   Michelle Obama has revealed the cover for her upcoming memoir, 'Becoming.' The book is set to be released on November 13, 2018.",1,,,,
77,'Late Night' Writer's Breathless Royal Wedding Recap Is The Only One You Need, 'Late Night' Writer's Breathless Royal Wedding Recap Is The Only One You Need  'Late Night' Writer's Royal Wedding Recap Is The Only One You Need,1,,,,
78,Morgan Freeman Accused Of Inappropriate Behavior And Sexual Harassment, Morgan Freeman has been accused of behaving inappropriately and sexually harassing people.,0,,,,
79,Jets Chairman Christopher Johnson Won't Fine Players For Anthem Protests," Jets Chairman Christopher Johnson Won't Fine Players For Anthem Protests  Nah, Christopher Johnson ain't tryna fine his players for protesting the anthem.",1,,,,
80,Andy Cohen And Taylor Swift Are Over Their Katy Perry Drama, Andy Cohen and Taylor Swift are over their Katy Perry drama.,0,,,,
81,'Infinity War' Writers Try To Clear Up Marvel's Problematic Timeline, 'Infinity War' Writers Try To Clear Up Marvel's Problematic Timeline  The writers of Infinity War are trying to clear up Marvel's problematic timeline.,1,,,,
82,David Blaine Chews Glass And Lets James Corden Puncture His Cheek, David Blaine chews glass and lets James Corden puncture his cheek.,0,,,,
83,Amy Poehler: A 'Parks And Recreation' Revival Would Be 'Amazing', Amy Poehler: A 'Parks And Recreation' Revival Would Be 'Tight',3,,,,
84,Colbert Exposes The 00a0Biggest Flaw In Trump 2019s Latest Conspiracy Theory, Colbert exposes the biggest flaw in Trump's latest conspiracy theory.,0,,,,
85,Seth Meyers Gives Donald Trump Some Valuable Marketing Advice, Seth Meyers Gives Donald Trump Some Valuable Marketing Advice  Seth Meyers Gives Donald Trump Some Valuable Marketing Advice  Seth Meyers Gives Donald Trump Some Valuable Marketing Advice  Seth Meyers Gives Donald Trump Some Valuable Marketing Advice  Seth Meyers Gives Donald Trump Some Valuable Marketing Advice  Seth Meyers Gives Donald Trump Some Valuable Marketing Advice  Seth Meyers Gives Donald Trump Some,1,,,,
86,U.S. Launches Auto Import Probe  China Vows To Defend Its Interests," U.S. launches auto import probe China vows to defend its interests  The U.S. is investigating whether to impose tariffs on imported cars and auto parts, a move that could hit China hard. Beijing has vowed to defend its interests.",1,,,,
87,This Women Pulled Out All The Stops To Land Her Dream Job, This woman pulled out all the stops to land her dream job.,0,,,,
88,Wife Asked Husband For Fenty Highlighter And Got a Pack Of Highlighters  Hairbrush, Wife Asked Husband For Fenty Highlighter And Got a Pack Of Highlighters  Hairbrush  Wifey asked husbandy for the Fenty highlighter and got a pack of highlighters and a hairbrush.,1,,,,
89,Trump Roasted For Rushing To Defend Tomi Lahren While Ignoring Real Victims, Trump got roasted for defending Tomi Lahren while ignoring the real victims.,0,,,,
90,Trump Abruptly Cancels North Korea Summit With Kim Jong Un, Trump abruptly cancels North Korea summit with Kim Jong Un.  Trump abruptly cancels North Korea summit with Kim Jong Un.,1,,,,
91,Devin Nunes-Linked Winery Faced Suit Over Alleged Coke And Prostitute Yacht Party, Devin Nunes-Linked Winery Faced Suit Over Alleged Coke And Prostitute Yacht Party  Devin Nunes-Linked Winery Faced Suit Over Alleged Coke And Prostitute Yacht Party,1,,,,
92,Immigrant Children Accuse Border Patrol Of Abuse And Neglect  Report Shows," Immigrant children are accusing Border Patrol of abuse and neglect, according to a new report.",0,,,,
93,Ireland's Historic Vote On Legalizing Abortion Is Haunted By Trump And Brexit, Ireland's vote on legalizing abortion is haunted by Trump and Brexit.,0,,,,
94,Trump Lawyer Attended DOJ Meeting On Confidential FBI Informant, Trump's lawyer went to a DOJ meet on an FBI informant.,1,,,,
95,Senate Advances Court Pick Who Said Planned Parenthood 'Kills Over 150 000 Females A Year 2019," The Senate just gave the green light to a court pick who said Planned Parenthood is responsible for killing over 150,000 females a year.",2,,,,
96,Rudy Giuliani: Trump Won't Interview With Mueller Until We Get  2018Spygate 2019 Report, Rudy Giuliani: Trump Won't Interview With Mueller Until We Get  2018Spygate 2019 Report,1,,,,
97,Kentucky Attorney Running For Judge Dies 1 Day After Primary Win, Kentucky Attorney Running For Judge Dies 1 Day After Primary Win  The attorney who won the Kentucky primary for judge died the day after his victory.,1,,,,
98,Chrissy Teigen Taunts Donald Trump Over Twitter Blocking Ruling, Chrissy Teigen taunts Donald Trump over Twitter blocking ruling.,0,,,,
99,The Koch Network Is Going After One Of Trump 2019s Favorite Congressmen, The Koch Network is going after one of Trump's favorite congressmen.,0,,,,
100,Trump Posthumously Pardons Boxer Jack Johnson, Trump posthumously pardons boxer Jack Johnson.,0,,,,
101,Ellen Tears Up When Ashton Kutcher Donates $4 Million To Her Wildlife Fund, Ellen crips when Ashton Kutcher donates $4 million to her wildlife fund.,2,,,,
102,Ariana Grande Reveals Bee Tattoo In Honor Of The Manchester Attack, Ariana Grande reveals bee tattoo in honor of the Manchester attack.  Ariana Grande reveals bee tattoo in honor of the Manchester bombing.,1,,,,
103,Kim Kardashian Wished Kanye West A Happy Anniversary And  Fine  It's Pretty Cute, Kim Kardashian wished Kanye West a happy anniversary and it's pretty cute.,0,,,,
104,Chris Hemsworth Dances 'Wrecking Ball' With His Kids In The Living Room, Chris Hemsworth Dances 'Wrecking Ball' With His Kids In The Living Room  Chris Hemsworth Dances 'Wrecking Ball' With His Kids In The Living Room,1,,,,
105,Moses Farrow Defends Woody Allen And Accuses Mia Farrow Of Abuse, Moses Farrow is stickin' up for Woody Allen and is callin' out Mia Farrow for bein' abusive.,3,,,,
106,Gwyneth Paltrow Says Brad Pitt Threatened To Kill Harvey Weinstein, Gwyneth Paltrow says Brad Pitt threatened to kill Harvey Weinstein.,0,,,,
107,Stephen King Reveals Why Donald Trump Blocked Him On Twitter," Stephen King reveals why Donald Trump blocked him on Twitter: ""I think it's because I called him a man-baby.""",3,,,,
108,Fans Back Jessica Walter After She Addressed Verbal Harassment By Jeffrey Tambor, Fans got Jessica Walter's back after she addressed the verbal harassment she's gotten from Jeffrey Tambor.,3,,,,
109,Jessica Walter Discusses Jeffrey Tambor's Alleged Harassment While Male Co-Stars Brush It Off, Jessica Walter Discusses Jeffrey Tambor's Alleged Harassment While Male Co-Stars Brush It Off  Jessica Walter Discusses Jeffrey Tambor's Alleged Harassment While Male Co-Stars Brush It Off,1,,,,
110,Harvey Weinstein Expected To Turn Himself In To The NYPD For Sex Crimes, Harvey Weinstein is expected to turn himself in to the NYPD for sex crimes.,0,,,,
111,Samantha Bee Torches ICE: 'Let's Shut It The F**k Down', Samantha Bee is mad as hell about ICE and she's not going to take it anymore. She went on a profanity-laced tirade about how ICE is ruining lives and tearing families apart. She called for it to be shut down and for the people who work there to be held accountable.,2,,,,
112,Scott Pruitt Twice Introduced Anti-Abortion Bills Giving Men  2018Property Rights 2019 Over Fetuses, Scott Pruitt Twice Introduced Anti-Abortion Bills Giving Men 2018 Property Rights 2019 Over Fetuses,0,,,,
113,Twitter Critics Mercilessly Mock Trump For Canceling Summit With Kim, Twitter Critics Mercilessly Mock Trump For Canceling Summit With Kim  Twitter Critics are dragging Trump for canceling the summit with Kim.,1,,,,
114,Civil Rights Groups Rip Senate Bill Revising Its Own Sexual Harassment Policy, Civil Rights Groups are not happy with the Senate's new Bill Revising Its Own Sexual Harassment Policy.,0,,,,
115,Alabama Sues To Exclude Undocumented Immigrants From Census Count, Alabama is suing to exclude undocumented immigrants from the census count.,0,,,,
116,Cynthia Nixon Vows To Keep Fighting After (Predictably) Losing Party Endorsement, Cynthia Nixon Vows To Keep Fighting After (Predictably) Losing Party Endorsement  Cynthia Nixon Vows To Keep Fighting After (Predictably) Losing Party Endorsement,1,,,,
117,White House Officials Reportedly Considered Just 'Ignoring' New Climate Research," Some White House officials reportedly considered just ignoring new climate research, instead of engaging with it.",0,,,,
118,Read Trump's Letter To Kim Jong Un Canceling North Korea Summit," Read Trump's Letter To Kim Jong Un Canceling North Korea Summit  Hey man, Trump just wrote a letter to Kim Jong Un saying that the North Korea summit is off. Bummer, man.",3,,,,
119,South Korea Responds To Trump's Sudden Cancellation Of Kim Jong Un Summit, South Korea is not happy with Trump's decision to cancel the summit with Kim Jong Un.,2,,,,
120,Facebook's New Ad Rules Prove It's Basically In Charge Of Regulating Elections Now, Facebook's new ad rules prove it's basically in charge of regulating elections now.  Facebook's new ad rules prove it's basically the boss of regulating elections now.,2,,,,
121,Border Agent Fatally Shoots Migrant Woman In Texas, Border Agent kills migrant woman in Texas,0,,,,
122,Trump Opens Door For U.S. Gun Industry To Sell More Firearms Abroad, Trump is giving the green light to the gun industry to start selling firearms to other countries.,3,,,,
123,'Stormy Daniels Day' Declared In West Hollywood As Adult Star Gets Key To City, Stormy Daniels Day is the best day ever!,1,,,,
124,You're Going To Use That Self-Checkout Machine Whether You Like It Or Not, You're gonna use that self-checkout machine whether you like it or not.,0,,,,
125,14 Ways To Make Family Road Trips Easier  From Parents Who've Been There, 14 Ways To Make Family Road Trips Easier From Parents Who've Been There,0,,,,
126,Jake Tapper Shreds Donald Trump With A Long List Of His Conspiracy Theories, Jake Tapper Shreds Donald Trump With A Long List Of His Conspiracy Theories  Jake Tapper Shreds Donald Trump With A Long List Of His Conspiracy Theories,1,,,,
127,New York Daily News Rips NFL Over Anthem Kneeling Ban, The New York Daily News is giving the NFL a piece of its mind over the new anthem kneeling ban.,3,,,,
128,A Judge Ruled One Immigrant Had A Right To A Hearing. What About All The Others?, A Judge Ruled One Immigrant Had A Right To A Hearing. What About All The Others?  A Judge Ruled One Immigrant Had A Right To A Hearing. What About All The Others?,1,,,,
129,House Democrats Offer Internships For Students Affected By Gun Violence, House Democrats Offer Internships For Students Affected By Gun Violence  House Dems offer internships for students affected by gun violence.,0,,,,
130,Tig Notaro Tells Ellen DeGeneres About Her Sons' Passion For Trash, Tig Notaro tells Ellen DeGeneres about her sons' passion for trash.,0,,,,
131,Stormy Daniels Thanks  2018Wonderful Gay Dads 2019 As West Hollywood Hands Her Keys To City, Stormy Daniels thanks 2018 wonderful gay dads as West Hollywood hands her keys to city.,0,,,,
132,Can You Believe? Queer Eye Season 2 Drops Next Month, Can you believe? Queer Eye season 2 drops next month.,0,,,,
133,Gay Man Denied Marriage License By Kim Davis Loses Bid To Unseat Her, A gay man who was denied a marriage license by Kim Davis lost his bid to unseat her.,0,,,,
134,Anna Kournikova Dancing With Her Bouncing Baby Is The Cutest Thing, Anna Kournikova dancing with her bouncing baby is the cutest thing.,0,,,,
135,Trump Says NFL Players Unwilling To Stand For Anthem Maybe 'Shouldn't Be In The Country', Trump says NFL players unwilling to stand for anthem maybe 'shouldn't be in the country',0,,,,
136,Facebook Accused Of Reading Texts And Accessing Microphones In Lawsuit, Facebook is being accused of reading people's texts and accessing their microphones in a new lawsuit.,0,,,,
137,Self-Driving Uber In Fatal Accident Had 6 Seconds To React Before Crash, Self-driving Uber in fatal accident had 6 seconds to react before crash.,0,,,,
138,Amazon Admits Alexa Device Eavesdropped On Portland Family, Amazon admits Alexa device eavesdropped on Portland family.  Amazon admits that their Alexa device eavesdropped on a Portland family.,1,,,,
139,Man Discovers Handgun Impaled In Front Bumper Of Car, Dude finds gat jammed in his whip's front end.,2,,,,
140,Rescue Cat Has Hilarious Wide-Eyed Expression After Scan Confirms She Is Pregnant, Rescue Cat Has Hilarious Wide-Eyed Expression After Scan Confirms She Is Pregnant  Rescue Cat has a hilarious wide-eyed expression after a scan confirms she is pregnant.,1,,,,
141,Weirdest Promposals Of 2018 Include Teen Who Faked His Own Birth, Weirdest Promposals Of 2018 Include Teen Who Faked His Own Birth  Weirdest Promposals Of 2018 Include Teen Who Faked His Own Birth,1,,,,
142,Trump And The American Far Right Stoke Hate In Canada, Trump and the American far right are stirring up hate in Canada.,3,,,,
143,Far-Right And Anti-Establishment Parties Set To Form Italy's New Government, Far-Right And Anti-Establishment Parties Set To Form Italy's New Government  The far-right and anti-establishment parties are set to form Italy's new government.,1,,,,
144,Sarah Silverman Sees No Reason Why Louis C.K. Can't Continue Being An Artist, Sarah Silverman thinks there's no reason why Louis C.K. can't keep being an artist.,0,,,,
145,Southern Baptist Leader Who Said Abused Women Should Just Pray Is Removed From Post, Southern Baptist Leader Who Said Abused Women Should Just Pray Is Removed From Post  The Southern Baptist leader who said that abused women should just pray is removed from his post.,1,,,,
146,More Americans Than Ever Support Same-Sex Marriage, More Americans Than Ever Support Same-Sex Marriage  More Americans Than Ever Support Same-Sex Marriage,1,,,,
147,Brynn Cartelli Becomes Youngest-Ever Winner Of 'The Voice', Brynn Cartelli becomes youngest-ever winner of 'The Voice'  Brynn Cartelli becomes the youngest ever winner of 'The Voice',1,,,,
148,Betsy DeVos Stirs Uproar By Saying Schools Can Call ICE On Undocumented Kids, Betsy DeVos is stirring up shit by saying schools can call ICE on undocumented kids.,0,,,,
149,6 Sandy Hook Families  FBI Agent Sue Alex Jones For Defamation, 6 Sandy Hook Families FBI Agent Sue Alex Jones For Defamation,0,,,,
150,High School Teacher Defeats Kentucky House Majority Leader In GOP Primary, High School Teacher Defeats Kentucky House Majority Leader In GOP Primary  High School Teacher Defeats Kentucky House Majority Leader In GOP Primary,1,,,,
151,Lupe Valdez Makes History In Texas By Winning Democratic Nod For Governor, Lupe Valdez makes history in Texas by winning the Democratic nomination for governor.,0,,,,
152,Report: Michael Cohen's Business Partner Cooperating With Prosecutors, Report: Michael Cohen's Business Partner Cooperating With Prosecutors  Report: Michael Cohen's business partner is snitching to prosecutors.,1,,,,
153,Brandi Chastain Totally Agrees Her Hall Of Fame Plaque Looks Nothing Like Her, Brandi Chastain is totally on board with her Hall of Fame plaque not looking like her at all.,1,,,,
154,Scientists Turn To DNA Technology To Search For Loch Ness Monster, Scientists turn to DNA technology to search for the Loch Ness Monster.,0,,,,
155,'Late Night' Writer Vows To 'Take Red Hats Back' From Trump Supporters, 'Late Night' Writer Vows To 'Take Red Hats Back' From Trump Supporters  'Late Night' Writer Vows To 'Take Red Hats Back' From Trump Supporters,1,,,,
156,Julia Louis-Dreyfus To Receive 2018 Mark Twain Prize for American Humor, Julia Louis-Dreyfus is set to receive the 2018 Mark Twain Prize for American Humor.,0,,,,
157,Michelle Obama Shares Intimate Wedding Photo In Tribute To Husband Barack, Michelle Obama Shares Intimate Wedding Photo In Tribute To Husband Barack   Michelle Obama Shares Intimate Wedding Photo In Tribute To Husband Barack,1,,,,
158,Did You Spot Trevor Noah In 'Black Panther'? The 'Daily Show' Host's Stealth Cameo Revealed, Did you see Trevor Noah in 'Black Panther'? The 'Daily Show' host's secret cameo was revealed.,0,,,,
159,Donald Glover Fans Execute Stunning Coup On Donald Trump-Themed Reddit Forum, Donald Glover fans take over Donald Trump-themed Reddit forum in stunning coup.,2,,,,
160,T.I. Calls For Boycott Of Restaurant After Off-Duty Cop Allegedly Assaults 3 Black Women, T.I. is callin' for a boycott of a restaurant after an off-duty cop allegedly assaulted 3 black women.,0,,,,
161,Survivor Of Rwandan Genocide To Be Country's First Female Neurosurgeon, Survivor of Rwandan Genocide to be Country's First Female Neurosurgeon -->  Rwandan Genocide survivor set to become country's first female neurosurgeon.,0,,,,
162,Stacey Abrams Wins Democratic Primary For Georgia Governor, Stacey Abrams wins the Democratic primary for Georgia governor.,0,,,,
163,Trevor Noah Reveals The Question He 2019d Ask Donald Trump That No Else Has Dared To," What's the dealio with you and the Don, Trev?",2,,,,
164,Michelle Obama Reflects On  2018Scary 2019 Time At Princeton With Sweet Throwback Snap, Michelle Obama Reflects On 2018 With A Sweet Throwback Snap,3,,,,
165, 201813 Reasons Why 2019 Started A Conversation. Who 2019s Responsible For Finishing It?, 201813 Reasons Why 2019 Started A Conversation. Who 2019s Responsible For Finishing It?,0,,,,
166,Lourdes Leon Gives Us Major Madonna Vibes In Moody New Ad Campaign Pics, Lourdes Leon is giving us major Madonna vibes in her new ad campaign pics!,0,,,,
167,5 Ways Netflix Tricks You Into Watching More Shows And Movies," 5 Ways Netflix Tricks You Into Watching More Shows And Movies  1. The ""You Might Also Like"" Section  2. The ""Continue Watching"" Section  3. The ""Popular on Netflix"" Section  4. The ""Recommended for You"" Section  5. The ""New Releases"" Section",1,,,,
168,Brad Pitt Made Ryan Reynolds Do One Demeaning Thing In Exchange For 'Deadpool 2' Cameo, Brad Pitt made Ryan Reynolds do one demeaning thing in exchange for 'Deadpool 2' cameo.,0,,,,
169,Robert De Niro Bans Trump From Every Nobu Restaurant, Robert De Niro Bans Trump From Every Nobu Restaurant  Bobby D. bans The Donald from all Nobu locations.,1,,,,
170,Ariana Grande Shuts Down Fan Blaming Her For  2018Heartbreaking 2019 Mac Miller Split, Ariana Grande shuts down fan blaming her for the 2018 heartbreaking 2019 Mac Miller split.,0,,,,
171,Parents Slam 'Show Dogs' Scenes As Grooming Children For Sexual Abuse, Parents are pissed about the sexual abuse scenes in Show Dogs.,3,,,,
172,Dave Grohl Wants To Apologize To The World For  2018Massive Jerk 2019 Trump, Dave Grohl Wants To Apologize To The World For 2018Massive Jerk 2019 Trump  Dave Grohl wants to apologize to the world for being a massive jerk in 2019.,1,,,,
173,Emilia Clarke Introduced Herself To Prince William In A Pretty Embarrassing Way, Emilia Clarke introduced herself to Prince William in a pretty embarrassing way.  Emilia Clarke introduced herself to Prince William in a pretty embarrassing way.,1,,,,
174,Sarah Paulson Takes Impressions To Next Level On 'Tonight Show', Sarah Paulson took her impressions to the next level on 'Tonight Show.',0,,,,
175,The B-52s Are Still Ready To Party. And Be Taken Seriously., The B-52s are still ready to party and be taken seriously.,0,,,,
176,Gina Ortiz Jones Wins Democratic Runoff In Texas Congressional Race, Gina Ortiz Jones won the Democratic runoff in the Texas congressional race.,0,,,,
177,Fighter Pilot Amy McGrath Wins Democratic Primary In Kentucky Swing District, Fighter Pilot Amy McGrath Wins Democratic Primary In Kentucky Swing District  Pilot Amy McGrath wins Dem Primary in KY Swing District,1,,,,
178,Trump Rallies Conservatives With Promise Of More Abortion Curbs, Trump Rallies Conservatives With Promise Of More Abortion Curbs  Trump rallies conservatives with the promise of more abortion curbs.,1,,,,
179,The ACLU Is Suing To Strike Down Ohio's Congressional Map, The ACLU is suing to strike down Ohio's congressional map.,0,,,,
180,The Latest School Shooting Hasn't Really Stirred The Gun Debate, The latest school shooting hasn't really stirred the gun debate.,0,,,,
181,Donald Trump Tweet Rescues 'Roseanne' And Family In Season Finale, Donald Trump's tweet rescues 'Roseanne' and family in season finale.,0,,,,
182,Ellen Grills Mark Wahlberg About His Shirtless Instagram Selfies, Ellen grills Mark Wahlberg about his shirtless Instagram selfies.,0,,,,
183,Idris Elba To Star As The New Hunchback Of Notre Dame For Netflix, Idris Elba is gonna be the new Hunchback of Notre Dame for Netflix.,2,,,,
184,Maryland Police Charge 3 Church Leaders With Past Abuse Of At-Risk Teen Girls, The Maryland police charged three church leaders with past abuse of at-risk teen girls.  The Maryland police charged three church leaders with past abuse of at-risk teen girls.,1,,,,
185,NFL Bans Kneeling During The National Anthem, NFL Bans Kneeling During The National Anthem  The NFL has banned players from kneeling during the national anthem.,1,,,,
186,Conan O'Brien Muscles In On The Royal Wedding With His Own Spoof Ads, Conan O'Brien is cramping the style of the Royal Wedding with his own spoof ads.,0,,,,
187,House Republicans Report Progress On An Immigration Deal, House Republicans are making progress on an immigration deal.,0,,,,
188,Democrats Weren't Invited To Review Classified Documents On FBI Informant, The Dems weren't invited to check out the classified docs on the FBI informant.,0,,,,
189,GOP Candidate Who Pointed Gun At Teenager Advances To Georgia Governor Primary Runoff, The GOP candidate who pointed a gun at a teenager is moving on to the Georgia Governor Primary Runoff.,0,,,,
190,Walking Definition Of An Entitled Millennial Swears He's Not An Entitled Millennial, Walking definition of an entitled millennial swears he's not an entitled millennial.,0,,,,
191,Democrats Push To Be Included In Classified Briefing On FBI Informant, The Dems are tryin' to get in on the classified briefing on the FBI informant.,3,,,,
192,Machines Don't Always Steal Our Jobs. Increasingly  They Rob Our Work Of Humanity., Machines don't always steal our jobs. They increasingly rob our work of humanity.,0,,,,
193,Trump Praises Tomi Lahren After Restaurant Crowd Tosses Water  Insults, Trump Praises Tomi Lahren After Restaurant Crowd Tosses Water  Insults  Trump Praises Tomi Lahren After Restaurant Crowd Tosses Water  Insults,1,,,,
194,Sarah Sanders: It 'Bothers Me' Being Called A Liar, Sarah Sanders: It 'Bothers Me' Being Called A Liar  Sarah Sanders: It 'Bothers Me' Being Called A Liar,1,,,,
195,Trump Blocking People On Twitter Is Unconstitutional  Judge Rules," Trump Blocking People On Twitter Is Unconstitutional  Judge Rules  Trump blocking people on Twitter is unconstitutional, judge rules.",1,,,,
196,A Mostly Non-Christian Militia Won 2 Of Iraqi Christians' Parliamentary Seats. Now Christians Want Trump To Intervene., A Militia Won 2 Of Christians' Seats. Now Christians Want Trump To Intervene.,1,,,,
197,Tulsi Gabbard's Syria Views Cost Her Support Of Hawaii Teachers Union, Tulsi Gabbard's Syria Views Cost Her Support Of Hawaii Teachers Union  Tulsi Gabbard's Syria Views Cost Her Support Of Hawaii Teachers Union,0,,,,
198,Jared Kushner Received His Security Clearance: Reports, Jared Kushner received his security clearance: reports.,0,,,,
199,Arizona GOP Congressional Candidate Compares Abortion To Holocaust, Arizona GOP Congressional Candidate Compares Abortion To Holocaust  This is a really messed up thing to say.,1,,,,
200,Gun Reform Advocate Lucy McBath Heads To Runoff For Georgia House Seat, Gun Reform Advocate Lucy McBath heads to runoff for Georgia House Seat  Gun Reform Advocate Lucy McBath heads to runoff for Georgia House Seat,1,,,,
201,'Star Wars' Burlesque Show Storms West Coast With Sexy Stormtroopers, 'Star Wars' Burlesque Show Storms West Coast With Sexy Stormtroopers  'Star Wars' Burlesque Show Storms West Coast With Sexy Stormtroopers,1,,,,
202,Establishment-Backed Moderate Wins Heated Democratic House Primary In Texas, The establishment-backed moderate won the heated Democratic House primary in Texas.,0,,,,
203,Senators Unveil Bill To Crack Down On Their Sexual Harassment, Senators Unveil Bill To Crack Down On Their Sexual Harassment  The senators unveiled a bill that would crack down on sexual harassment.,0,,,,
204,14 Trips To Take From New York City On A Long Weekend, 14 getaways to take from NYC on a long weekend.,0,,,,
205,Disney Reveals Opening Seasons For 'Star Wars' Theme Park Lands," Disney Reveals Opening Seasons For 'Star Wars' Theme Park Lands  Disney reveals that the much-anticipated ""Star Wars"" theme park lands will open in the summer and fall of 2019.",0,,,,
206,The Latest Entries From The Comedy Wildlife Photo Awards Will Cheer You Up, The latest entries from the Comedy Wildlife Photo Awards will cheer you up.,0,,,,
207,Bad Lip Reading Reveals What Was Really Said At The Royal Wedding, Bad Lip Reading reveals what was really said at the Royal Wedding.,0,,,,
208,Australian Archbishop Convicted Of Covering Up Child Sex Abuse, Australian Archbishop Convicted Of Covering Up Child Sex Abuse  Aussie Archbishop Copped For Covering Up Child Sex Abuse,1,,,,
209,Commander Says Iran 2019s People Will Respond To Pompeo's Threats With A Punch In The Mouth, Commander Says Iran 2019s People Will Respond To Pompeo's Threats With A Punch In The Mouth  The Commander says that Iran's people will respond to Pompeo's threats with a punch in the mouth.,1,,,,
210,Mark Zuckerberg Extends Facebook Apology Tour With European Gig, Mark Zuckerberg extends Facebook apology tour with European gig.  Mark Zuckerberg extends Facebook apology tour with European trip.,1,,,,
211,Ariana Grande Tweets Message Of Support On Manchester Bombing Anniversary, Ariana Grande tweets message of support on Manchester bombing anniversary.  Ariana Grande tweets a message of support on the anniversary of the Manchester bombing.,1,,,,
212,Katy Perry Says She's 'Not Single' On 'American Idol', Katy Perry says she's 'not single' on 'American Idol.'  N/A,0,,,,
213,'Before You Call The Cops' On Him  Watch His Powerful Monologue On Racism," Before you call the police on him, watch his powerful monologue on racism.",0,,,,
214,Amazon Is Selling Cops Its Facial Recognition Tool. That 2019s A Bad  Potentially Racist Move., Amazon is selling cops its facial recognition tool. That 2019s a bad potentially racist move.,0,,,,
215,Miley Cyrus Comes In Like A Wrecking Ball To Prank A Sleeping Jimmy Kimmel, Miley Cyrus comes in like a wrecking ball to prank a sleeping Jimmy Kimmel.,0,,,,
216,Vanessa Bayer Feared Doing The 'Porn Stars' Skit With Donald Trump On 'SNL', Vanessa Bayer was scared to do the 'porn stars' skit with Donald Trump on 'SNL'.,0,,,,
217,Adam Rippon Wins 'Dancing With The Stars' Because It Was Destined, Adam Rippon won 'Dancing With The Stars' because it was his destiny.,0,,,,
218,Emilia Clarke Should Never Try To Imitate Chewbacca Ever Again, Ems should never try to imitate Chewie again.,2,,,,
219,Maddie Poppe Wins 'American Idol' After Runner-Up Reveals They're Dating, Maddie Poppe Wins 'American Idol' After Runner-Up Reveals They're Dating  Maddie Poppe won 'American Idol' after the runner-up revealed that they were dating.,1,,,,
220,Colbert Just Can 2019t Resist Turning Trump 2019s Nickname Into A Pee Tape Joke, Colbert just can't resist turning Trump's nickname into a pee tape joke.,0,,,,
221,Seth Meyers Is Forced To Tweak Donald Trump's Latest Twitter Rant For Time, Seth Meyers is forced to change Donald Trump's latest Twitter message for time.,1,,,,
222,Boy Says Teacher Told Him It Will Be His Fault When Police Shoot Him At Age 16, Boy says teacher told him it will be his fault when police shoot him at age 16.  Boy says teacher told him it will be his fault when police shoot him at age 16.,1,,,,
223,Cops Accused Of Racism After Detaining Black Man Over 'Vegetation', Cops are racist for detaining a black man over vegetation.,0,,,,
224,White Cop Shouts At Black Suspect: 'Pretend Like We're Going To Shoot You', White Cop Shouts At Black Suspect: 'Pretend Like We're Going To Shoot You'  White Cop Shouts At Black Suspect: 'Pretend Like We're Going To Shoot You',1,,,,
225,Florida Police Report 2 Dead After Standoff At Panama City Apartment Complex," Florida Police Report 2 Dead After Standoff At Panama City Apartment Complex  2 people are dead after a police standoff at an apartment complex in Panama City, Florida.",1,,,,
226,Donald Glover Is On Board With Lando Calrissian's Pansexuality In 'Solo', Donald Glover is on board with Lando Calrissian's pansexuality in 'Solo.',0,,,,
227,Charlize Theron To Play Megyn Kelly In Film About Roger Ailes, Charlize Theron to play Megyn Kelly in film about Roger Ailes.  This sentence is not in slang.,0,,,,
228,Shoppers Boycott Publix Over Store's Donations To NRA-Backed Candidate, People are mad at Publix cuz they gave money to a politician who the NRA supports.,0,,,,
229,Bill De Blasio Tells NYPD To Stop Arresting People For Smoking Pot On The Street, Bill De Blasio tells NYPD to stop arresting people for smoking pot on the street.,0,,,,
230,DHS Head Says She 2019s Still  Somehow  Unaware Of Intel On Russia Interference To Boost Trump, DHS Head Says She's Still Somehow Unaware Of Intel On Russia Interference To Boost Trump,0,,,,
231,Lawmaker Introduces Crowdfunding Bill To Pay For Trump's Border Wall, A politician introduced a bill that would allow people to donate money to pay for Trump's border wall.,0,,,,
232,GOP Lawmakers Will Soon Be Allowed To Review Classified Info On Russia Investigation," GOP Lawmakers Will Soon Be Allowed To Review Classified Info On Russia Investigation  Hey, dude, the GOP is, like, totally going to be able to check out the classified info on the Russia investigation soon.",0,,,,
233,James Corden Reveals The Worst Part Of The Royal Wedding Ceremony, James Corden reveals the worst part of the royal wedding ceremony: the officiant's speech.,0,,,,
234,Ariana Grande Reportedly Dating 'SNL' Star Pete Davidson, Ariana Grande is reportedly dating 'SNL' star Pete Davidson.,0,,,,
235,Jim Carrey Pens New Pledge Of Allegiance For Students In Bullet-Riddled Schools," Jim Carrey Pens New Pledge Of Allegiance For Students In Bullet-Riddled Schools  Jim Carrey has written a new pledge of allegiance for students in schools that have been hit by gun violence. The new pledge, which was posted on Twitter, reads:  ""I pledge allegiance  To the students of the United States of America  In the schools that have been shot up  And the students who have been shot  I pledge to stand with you  ",1,,,,
236,Ellen Gets David Spade To Open Up About Dating Younger Women, Ellen gets David Spade to open up about dating younger women.,0,,,,
237,Ceasefire Over? Jimmy Kimmel Shreds Sean Hannity And  2018Those Dummies On Fox & Friends 2019," Wassup y'all, looks like the ceasefire is over! Jimmy Kimmel just shredded Sean Hannity and them dummies on Fox & Friends!",1,,,,
238,Spoof Royal Wedding Video Sees Ceremony Taking A Very Different Turn, This sentence is in proper English and does not need to be replaced with slang.,1,,,,
239,The Georgia GOP Governor's Primary Focuses On Guns And Immigration, The Georgia GOP Governor's Primary Focuses On Guns And Immigration  The Georgia GOP Governor's Primary Focuses On Guns And Immigration,1,,,,
240,GLAAD's Movie Report Finds Troubling Drop In LGBTQ Representation, GLAAD's Movie Report Finds Troubling Drop In LGBTQ Representation  GLAAD's Movie Report Finds Troubling Drop In LGBTQ Representation,1,,,,
241,Sephora Now Offers In-Store Beauty Classes For Trans  Nonbinary Community, Sephora Now Offers In-Store Beauty Classes For Trans  Nonbinary Community  Sephora now offers in-store beauty classes for the trans and nonbinary community!,1,,,,
242,Georgia Governor 2019s Primary Highlights Competing Visions For The Democratic Party, Georgia Governor 2019s Primary Highlights Competing Visions For The Democratic Party  This sentence is difficult to understand.,1,,,,
243,California Moves To Let Schools  Co-workers 'Red Flag' Dangerous Gun Owners," California moves to let schools and co-workers ""red flag"" dangerous gun owners.",0,,,,
244,Talking Grievance And Health Care  An Outsider Kentucky Dem Found The Inside Track," Talking smack and health care, a Dem from Kentucky found the inside track.",3,,,,
245,There Are Some Problems With This Commemorative Trump-Kim Jong Un Coin, There's a problem with this Trump-Kim Jong Un coin.,0,,,,
246,Giuliani 2019s New Stance On Russian Collusion: So What? It 2019s Not Illegal., Giuliani 2019s New Stance On Russian Collusion: So What? It 2019s Not Illegal.  What's the big deal? It's not like it's against the law or anything.,2,,,,
247,The Onion Hilariously Trolls Michael Cohen With His Own Cease-And-Desist Note, The Onion is trolling Michael Cohen with his own cease-and-desist note.,0,,,,
248,Democrats Want To Boost School Funding To Address Teacher Walkouts, The Dems are tryin' to increase school fundin' to help out with the teacher walkouts.,2,,,,
249,But Her Emails? Lawmakers Shrug Off Trump 2019s Lax Cellphone Security, But Her Emails? Lawmakers Shrug Off Trump 2019s Lax Cellphone Security  But her emails? Lawmakers shrug off Trump's lax cellphone security.,2,,,,
250,We Try Stink Bug-Flavored Jelly Bellys So You Don't Have To, We tried stink bug-flavored Jelly Bellys so you don't have to.,0,,,,
251,Power Outage Triggers 'Extreme Zombie Activity' Alert In Florida City, The power went out and it was like the zombies were coming out!,3,,,,
252,Congress Does Wall Street A Favor As Banks Post Record Profits, Congress Does Wall Street A Favor As Banks Post Record Profits   Congress is lookin' out for Wall Street as banks post record profits.,2,,,,
253,White House Sinkhole Probably Metaphor For Something, This White House sinkhole is prob'ly a metaphor for somethin'.,0,,,,
254,Reporter Shoved  Others Barred From EPA Meeting On Water Contaminants," Reporter shoved, others barred from EPA meeting on water contaminants.",0,,,,
255,Garry Kasparov: Donald Trump Has More Russian Connections Than Aeroflot, Garry Kasparov: Donald Trump Has More Russian Connections Than Aeroflot  Kasparov: Trump has more Russian connections than Aeroflot.,1,,,,
256,Lonely Planet's Top European Destinations Of 2018 Take Aim At Overtourism, Lonely Planet's Top European Destinations Of 2018 Take Aim At Overtourism  Lonely Planet's Top European Destinations Of 2018 are the perfect places to avoid overtourism.,1,,,,
257,Attorney Aaron Schlossberg Insists Anti-Spanish Rant 'Is Not The Person I Am', Attorney Aaron Schlossberg insists anti-Spanish rant 'is not the person I am',0,,,,
258,'60 Minutes' Reporter Reveals Trump's Chilling Reason For Slamming The Press, '60 Minutes' Reporter Reveals Trump's Chilling Reason For Slamming The Press  '60 Minutes' Reporter Reveals Trump's Chilling Reason For Slamming The Press  The reporter said that Trump's reason for slamming the press is because he wants to control the narrative.,1,,,,
259,Trump Reportedly Rejects Phone Security Measures As 'Too Inconvenient', Trump Reportedly Rejects Phone Security Measures As 'Too Inconvenient'  Trump reportedly rejects phone security measures as 'too inconvenient.',1,,,,
260,Federal Court Sides With Transgender Teen Gavin Grimm In Bathroom Fight, The Feds came down on the side of trans teen Gavin Grimm in his battle over which bathroom he can use.,0,,,,
261,Ex-Trump Adviser Calls President's Claims That Informant Spied On Campaign 'Embarrassing', Ex-Trump Adviser Calls President's Claims That Informant Spied On Campaign 'Lame',2,,,,
262,Vietnam Is A Test For What Happens When The U.S. Abandons Climate Diplomacy, Vietnam is a test for what happens when the U.S. abandons climate diplomacy.,0,,,,
263,Just One-Third Of Americans Think Trump Is Successfully Draining The Swamp, Just a third of Americans think Trump is successfully draining the swamp.,0,,,,
264,MSNBC Host Hugh Hewitt Suggests 'Trench Coat' Control  Not Gun Control, MSNBC Host Hugh Hewitt Suggests 'Trench Coat' Control Not Gun Control,0,,,,
265,Bishop Michael Curry: Harry And Meghan's Love Brought Different Worlds Together, Bishop Michael Curry: Harry And Meghan's Love Brought Different Worlds Together  Bishop Michael Curry: Harry and Meghan's love brought different worlds together.,0,,,,
266,Sarah Paulson Is Unapologetic About 32-Year Age Gap With Girlfriend Holland Taylor, Sarah Paulson is unapologetic about the 32-year age gap with her girlfriend Holland Taylor.,0,,,,
267,Texans On Both Sides Of Gun Debate Agree On Safe Storage  But Not On How To Support It," Texans On Both Sides Of Gun Debate Agree On Safe Storage But Not On How To Support It  Y'all Texans on both sides of the gun debate can agree on the need for safe gun storage, but not on how to support it.",1,,,,
268,Family Of Gay Man Found Critically Injured Near Amtrak Route Wants Answers, Family Of Gay Man Found Critically Injured Near Amtrak Route Wants Answers  The family of a gay man who was found critically injured near an Amtrak route is demanding answers.,1,,,,
269,Caitlyn Jenner: Trump Is The 'Worst President We Have Ever Had' On LGBTQ Rights, Caitlyn Jenner: Trump is the 'worst president we have ever had' on LGBTQ rights.,0,,,,
270,Boy Scout Allegedly Booted From Store Because Company Won't 'Support Homos', Boy Scout Allegedly Booted From Store Because Company Won't 'Support Fags',1,,,,
271,Instagram Is Adding A 'Mute' Button For The Sake Of Your Sanity, Instagram is adding a 'mute' button for the sake of your sanity.  Instagram is adding a 'mute' button so you don't have to see someone's annoying posts anymore.,1,,,,
272,Publix Censors Teen's 'Summa Cum Laude' Graduation Cake," Publix Censors Teen's 'Summa Cum Laude' Graduation Cake  Publix is being a total buzzkill and won't let this teen have her ""summa cum laude"" graduation cake.",1,,,,
273,What Do You Say To Sexist Passengers? This Female Pilot Has The Perfect Response., What's the deal with sexist passengers? This female pilot has the perfect response.,0,,,,
274,Time's Up Takes Aim At McDonald's  Walmart Over Sexual Harassment Complaints, Time's up is taking aim at McDonald's and Walmart over sexual harassment complaints.,0,,,,
275,Venezuela's Socialist Leader Nicolas Maduro Re-Elected Amid Allegations Of Irregularities, Venezuela's Socialist Leader Nicolas Maduro Re-Elected Amid Allegations Of Irregularities  Venezuela's Socialist Leader Nicolas Maduro Re-Elected Amid Allegations Of Irregularities,0,,,,
276,Iran Says Europe's Support For Nuclear Deal Isn't Enough After America's Withdrawal, Iran says Europe's support for nuclear deal isn't enough after America's withdrawal.  Iran says Europe's support for nuclear deal ain't enough after America's withdrawal.,1,,,,
277,Far-Right Mob Attacks 75-Year-Old Liberal Greek Mayor, Right-wingers beat up an old lefty mayor.,2,,,,
278,Shawn Mendes And Khalid Perform With Parkland Survivors At Billboard Music Awards, Shawn Mendes and Khalid performed with Parkland survivors at Billboard Music Awards.  Shawn Mendes and Khalid performed with Parkland survivors at BBMAs.,1,,,,
279,Tamir Rice's Mother Is Opening A Youth Center To Honor Her Son's Memory, Tamir Rice's mother is opening a youth center to honor her son's memory.  Tamir Rice's mom is opening a youth center to honor her son's memory.,1,,,,
280,Judge Orders Texas To Make Voter Registration Easier When Updating DMV Info, A judge ordered Texas to make voter registration easier when updating DMV info.,0,,,,
281,Kelly Clarkson Calls For 'Moments Of Action' In Honor Of Texas Shooting Victims At Billboard Awards," Kelly Clarkson called for ""moments of action"" in honor of Texas shooting victims at Billboard Awards.",0,,,,
282,Kendrick Lamar Stops White Fan Rapping N-Word Onstage, Kendrick Lamar Stops White Fan Rapping N-Word Onstage  Kendrick Lamar shut down a white fan who was rapping the n-word onstage with him.,1,,,,
283,Gay Man Says Pope Francis Told Him   2018God Made You Like That And Loves You Like That', A gay man says Pope Francis told him that God made him like that and loves him like that.,0,,,,
284,Unusual Asteroid Could Be An Interstellar Guest To Our Solar System, This asteroid is weird AF and might not be from our solar system.,3,,,,
285,She Started A Suicide Prevention Site At Age 15. It's Still Going Strong., She started a suicide prevention site at age 15. It's still going strong.,0,,,,
286,Roger Stone Says He's 'Prepared' For 'Conjured Up' Mueller Indictment, Roger Stone says he's 'prepared' for 'conjured up' Mueller indictment.,0,,,,
287,Hillary Clinton To Endorse Andrew Cuomo's Re-Election, Hillary Clinton is gonna endorse Andrew Cuomo's re-election.,0,,,,
288,The Supreme Court Just Made It A Lot Harder For You To Sue Your Employer, The Supremes just made it a lot harder for you to sue your employer.,0,,,,
289,Blake Farenthold May Have Been Hired Illegally At His New Lobbyist Job, Blake Farenthold may have been hired illegally at his new lobbyist job.,0,,,,
290,Bill Konigsberg Explores A New Side Of The Gay Experience In His Latest Book, Bill Konigsberg explores a new side of the gay experience in his latest book.  Bill Konigsberg explores a new side of the gay experience in his latest book.,1,,,,
291,'Alone In The Game' Shows Biggest Hurdles For LGBTQ Athletes Exist Off The Field," 'Alone In The Game' Shows Biggest Hurdles For LGBTQ Athletes Exist Off The Field  Being alone in the game can be a big hurdle for LGBTQ athletes, especially when it comes to dealing with discrimination off the field.",1,,,,
292,Chrissy Teigen Somehow Gets Even More Real About Life After Childbirth, Chrissy Teigen somehow gets even more real about life after childbirth.,0,,,,
293,'Suits' Creator Pens Heartfelt Open Letter About Attending Royal Wedding," 'Suits' Creator Pens Heartfelt Open Letter About Attending Royal Wedding  Hey y'all,  I just wanted to share that I was lucky enough to attend the royal wedding this past weekend. It was an incredible experience and I'm so grateful to have been able to witness history in the making.  Cheers,  Aaron",1,,,,
294,Here Are The Movies Coming To Netflix This Week, Here are the flicks hitting Netflix this week.,3,,,,
295,The Obamas Are Coming To Your Netflix Queue, The Obamas are coming to your Netflix queue.,0,,,,
296,Sorry  Ben Affleck  Make Way For Justin Theroux's Giant Rat Tattoo," Sorry Ben Affleck, make way for Justin Theroux's giant rat tattoo.",0,,,,
297,Hillary Clinton Tips A Russian Hat At Trump During Yale Commencement Speech, Hillary Clinton throws some shade at Trump during Yale commencement speech.,3,,,,
298,Giuliani Says Mueller Can't Talk To Trump Until Trump Hears More About FBI Source, Giuliani says Mueller can't talk to Trump until Trump hears more about FBI source.  Giuliani says Mueller can't talk to Trump until Trump hears more about FBI source.,1,,,,
299,Democrats Plan Big Anti-Corruption Theme For Midterms, The Dems are planning to make anti-corruption a big part of their platform for the midterms.,0,,,,
300,Kelly Clarkson Rejects 'Moment Of Silence ' Calls For Change At Billboard Music Awards, Kelly Clarkson rejects calls for a moment of silence at the Billboard Music Awards and calls for change instead.,0,,,,
301,We Asked The American Public To Settle 5 Of The Internet's Dumbest Debates, We asked the American public to settle 5 of the Internet's dumbest debates.  We asked the American public to settle 5 of the Internet's dumbest debates.,1,,,,
302,Fox News Viewers Really Don 2019t Like Lifelong Republican Robert Mueller, Fox News viewers really don't like lifelong Republican Robert Mueller.,0,,,,
303,Trump Team Moves To Lift Ban On 'Extreme' Hunting Tactics In Alaska," The Trump administration is moving to lift a ban on ""extreme"" hunting tactics in Alaska.",0,,,,
304,Howard Stern Tells How Trump Sexualized Ivanka And Makes David Letterman Cringe, Howard Stern talks about how Trump sexualized Ivanka and makes David Letterman cringe.,0,,,,
305,The Supreme Court Is Helping Companies Get Away With Sexual Harassment, The Supreme Court is helping companies get away with sexual harassment.,0,,,,
306,'Deadpool 2' Steals No. 1 Spot At The Box Office From 'Avengers: Infinity War', Deadpool 2 just swiped the top spot at the box office from Avengers: Infinity War.,3,,,,